model,layer,roi,split,subject,n_features_1_model,n_features_2_brain,metric,score
clip/ViT-B/16,image_encoder.transformer.resblocks.0,V1,train,sub-08,5919,560,rsa,0.03325307369232178
clip/ViT-B/16,image_encoder.transformer.resblocks.0,V2,train,sub-08,5919,482,rsa,0.028640571981668472
clip/ViT-B/16,image_encoder.transformer.resblocks.0,V3,train,sub-08,5919,458,rsa,0.018475065007805824
clip/ViT-B/16,image_encoder.transformer.resblocks.0,V4,train,sub-08,5919,604,rsa,0.023498553782701492
clip/ViT-B/16,image_encoder.transformer.resblocks.0,V3A,train,sub-08,5919,226,rsa,0.016580790281295776
clip/ViT-B/16,image_encoder.transformer.resblocks.0,V3B,train,sub-08,5919,147,rsa,0.017287148162722588
clip/ViT-B/16,image_encoder.transformer.resblocks.0,V6,train,sub-08,5919,105,rsa,0.009445269592106342
clip/ViT-B/16,image_encoder.transformer.resblocks.0,V6A,train,sub-08,5919,84,rsa,0.012472947128117085
clip/ViT-B/16,image_encoder.transformer.resblocks.0,V7,train,sub-08,5919,78,rsa,0.020767178386449814
clip/ViT-B/16,image_encoder.transformer.resblocks.0,V8,train,sub-08,5919,112,rsa,0.02947351150214672
clip/ViT-B/16,image_encoder.transformer.resblocks.0,FFC,train,sub-08,5919,275,rsa,0.02354057878255844
clip/ViT-B/16,image_encoder.transformer.resblocks.0,PIT,train,sub-08,5919,117,rsa,0.014964130707085133
clip/ViT-B/16,image_encoder.transformer.resblocks.0,IPS1,train,sub-08,5919,219,rsa,0.010231966152787209
clip/ViT-B/16,image_encoder.transformer.resblocks.0,MST,train,sub-08,5919,140,rsa,0.03264980763196945
clip/ViT-B/16,image_encoder.transformer.resblocks.0,MT,train,sub-08,5919,99,rsa,0.019824320450425148
clip/ViT-B/16,image_encoder.transformer.resblocks.0,FST,train,sub-08,5919,149,rsa,0.030367381870746613
clip/ViT-B/16,image_encoder.transformer.resblocks.0,LO1,train,sub-08,5919,79,rsa,0.012262036092579365
clip/ViT-B/16,image_encoder.transformer.resblocks.0,LO2,train,sub-08,5919,83,rsa,0.026648493483662605
clip/ViT-B/16,image_encoder.transformer.resblocks.0,LO3,train,sub-08,5919,125,rsa,0.02104232646524906
clip/ViT-B/16,image_encoder.transformer.resblocks.0,V7,train,sub-08,5919,78,rsa,0.020767178386449814
clip/ViT-B/16,image_encoder.transformer.resblocks.0,IP0,train,sub-08,5919,151,rsa,0.009948774240911007
clip/ViT-B/16,image_encoder.transformer.resblocks.0,IP1,train,sub-08,5919,91,rsa,0.00232689012773335
clip/ViT-B/16,image_encoder.transformer.resblocks.0,MIP,train,sub-08,5919,291,rsa,0.008242624811828136
clip/ViT-B/16,image_encoder.transformer.resblocks.0,VIP,train,sub-08,5919,184,rsa,0.003713988233357668
clip/ViT-B/16,image_encoder.transformer.resblocks.0,LIPd,train,sub-08,5919,77,rsa,0.003811646718531847
clip/ViT-B/16,image_encoder.transformer.resblocks.0,LIPv,train,sub-08,5919,251,rsa,0.001866042846813798
clip/ViT-B/16,image_encoder.transformer.resblocks.0,AIP,train,sub-08,5919,387,rsa,0.00444182800129056
clip/ViT-B/16,image_encoder.transformer.resblocks.0,7Pm,train,sub-08,5919,25,rsa,-0.00039802060928195715
clip/ViT-B/16,image_encoder.transformer.resblocks.0,7PL,train,sub-08,5919,91,rsa,0.0035429932177066803
clip/ViT-B/16,image_encoder.transformer.resblocks.0,7PC,train,sub-08,5919,231,rsa,0.004650090355426073
clip/ViT-B/16,image_encoder.transformer.resblocks.0,7Am,train,sub-08,5919,136,rsa,0.002295397687703371
clip/ViT-B/16,image_encoder.transformer.resblocks.0,7AL,train,sub-08,5919,234,rsa,0.0033066936302930117
clip/ViT-B/16,image_encoder.transformer.resblocks.0,VVC,train,sub-08,5919,199,rsa,0.020483192056417465
clip/ViT-B/16,image_encoder.transformer.resblocks.0,VMV2,train,sub-08,5919,94,rsa,0.00901148933917284
clip/ViT-B/16,image_encoder.transformer.resblocks.0,VMV3,train,sub-08,5919,107,rsa,0.011401169933378696
clip/ViT-B/16,image_encoder.transformer.resblocks.0,VMV1,train,sub-08,5919,44,rsa,0.009282167069613934
clip/ViT-B/16,image_encoder.transformer.resblocks.0,PHA2,train,sub-08,5919,13,rsa,0.002369863213971257
clip/ViT-B/16,image_encoder.transformer.resblocks.0,PHA3,train,sub-08,5919,55,rsa,0.008029565215110779
clip/ViT-B/16,image_encoder.transformer.resblocks.0,PH,train,sub-08,5919,350,rsa,0.027594737708568573
clip/ViT-B/16,image_encoder.transformer.resblocks.1,V1,train,sub-08,5919,560,rsa,0.0454263910651207
clip/ViT-B/16,image_encoder.transformer.resblocks.1,V2,train,sub-08,5919,482,rsa,0.03768942132592201
clip/ViT-B/16,image_encoder.transformer.resblocks.1,V3,train,sub-08,5919,458,rsa,0.0226199422031641
clip/ViT-B/16,image_encoder.transformer.resblocks.1,V4,train,sub-08,5919,604,rsa,0.028146887198090553
clip/ViT-B/16,image_encoder.transformer.resblocks.1,V3A,train,sub-08,5919,226,rsa,0.017950139939785004
clip/ViT-B/16,image_encoder.transformer.resblocks.1,V3B,train,sub-08,5919,147,rsa,0.020470907911658287
clip/ViT-B/16,image_encoder.transformer.resblocks.1,V6,train,sub-08,5919,105,rsa,0.009886321611702442
clip/ViT-B/16,image_encoder.transformer.resblocks.1,V6A,train,sub-08,5919,84,rsa,0.015410437248647213
clip/ViT-B/16,image_encoder.transformer.resblocks.1,V7,train,sub-08,5919,78,rsa,0.02091209776699543
clip/ViT-B/16,image_encoder.transformer.resblocks.1,V8,train,sub-08,5919,112,rsa,0.029892727732658386
clip/ViT-B/16,image_encoder.transformer.resblocks.1,FFC,train,sub-08,5919,275,rsa,0.0251874141395092
clip/ViT-B/16,image_encoder.transformer.resblocks.1,PIT,train,sub-08,5919,117,rsa,0.01738363690674305
clip/ViT-B/16,image_encoder.transformer.resblocks.1,IPS1,train,sub-08,5919,219,rsa,0.012392056174576283
clip/ViT-B/16,image_encoder.transformer.resblocks.1,MST,train,sub-08,5919,140,rsa,0.034631531685590744
clip/ViT-B/16,image_encoder.transformer.resblocks.1,MT,train,sub-08,5919,99,rsa,0.02206902578473091
clip/ViT-B/16,image_encoder.transformer.resblocks.1,FST,train,sub-08,5919,149,rsa,0.03310196474194527
clip/ViT-B/16,image_encoder.transformer.resblocks.1,LO1,train,sub-08,5919,79,rsa,0.013936887495219707
clip/ViT-B/16,image_encoder.transformer.resblocks.1,LO2,train,sub-08,5919,83,rsa,0.03086439147591591
clip/ViT-B/16,image_encoder.transformer.resblocks.1,LO3,train,sub-08,5919,125,rsa,0.02317238040268421
clip/ViT-B/16,image_encoder.transformer.resblocks.1,V7,train,sub-08,5919,78,rsa,0.02091209776699543
clip/ViT-B/16,image_encoder.transformer.resblocks.1,IP0,train,sub-08,5919,151,rsa,0.010880563408136368
clip/ViT-B/16,image_encoder.transformer.resblocks.1,IP1,train,sub-08,5919,91,rsa,0.0033769586589187384
clip/ViT-B/16,image_encoder.transformer.resblocks.1,MIP,train,sub-08,5919,291,rsa,0.010456189513206482
clip/ViT-B/16,image_encoder.transformer.resblocks.1,VIP,train,sub-08,5919,184,rsa,0.0050916108302772045
clip/ViT-B/16,image_encoder.transformer.resblocks.1,LIPd,train,sub-08,5919,77,rsa,0.004714855924248695
clip/ViT-B/16,image_encoder.transformer.resblocks.1,LIPv,train,sub-08,5919,251,rsa,0.0030597823206335306
clip/ViT-B/16,image_encoder.transformer.resblocks.1,AIP,train,sub-08,5919,387,rsa,0.005072072148323059
clip/ViT-B/16,image_encoder.transformer.resblocks.1,7Pm,train,sub-08,5919,25,rsa,-0.00016387140203732997
clip/ViT-B/16,image_encoder.transformer.resblocks.1,7PL,train,sub-08,5919,91,rsa,0.003930519800633192
clip/ViT-B/16,image_encoder.transformer.resblocks.1,7PC,train,sub-08,5919,231,rsa,0.004566845949739218
clip/ViT-B/16,image_encoder.transformer.resblocks.1,7Am,train,sub-08,5919,136,rsa,0.0032187437172979116
clip/ViT-B/16,image_encoder.transformer.resblocks.1,7AL,train,sub-08,5919,234,rsa,0.003596506780013442
clip/ViT-B/16,image_encoder.transformer.resblocks.1,VVC,train,sub-08,5919,199,rsa,0.02130638249218464
clip/ViT-B/16,image_encoder.transformer.resblocks.1,VMV2,train,sub-08,5919,94,rsa,0.0101720429956913
clip/ViT-B/16,image_encoder.transformer.resblocks.1,VMV3,train,sub-08,5919,107,rsa,0.0121023990213871
clip/ViT-B/16,image_encoder.transformer.resblocks.1,VMV1,train,sub-08,5919,44,rsa,0.00973336398601532
clip/ViT-B/16,image_encoder.transformer.resblocks.1,PHA2,train,sub-08,5919,13,rsa,0.0026146385353058577
clip/ViT-B/16,image_encoder.transformer.resblocks.1,PHA3,train,sub-08,5919,55,rsa,0.009575325064361095
clip/ViT-B/16,image_encoder.transformer.resblocks.1,PH,train,sub-08,5919,350,rsa,0.03011690080165863
clip/ViT-B/16,image_encoder.transformer.resblocks.2,V1,train,sub-08,5919,560,rsa,0.058630894869565964
clip/ViT-B/16,image_encoder.transformer.resblocks.2,V2,train,sub-08,5919,482,rsa,0.051599085330963135
clip/ViT-B/16,image_encoder.transformer.resblocks.2,V3,train,sub-08,5919,458,rsa,0.03150871396064758
clip/ViT-B/16,image_encoder.transformer.resblocks.2,V4,train,sub-08,5919,604,rsa,0.03916425630450249
clip/ViT-B/16,image_encoder.transformer.resblocks.2,V3A,train,sub-08,5919,226,rsa,0.025782126933336258
clip/ViT-B/16,image_encoder.transformer.resblocks.2,V3B,train,sub-08,5919,147,rsa,0.027905860915780067
clip/ViT-B/16,image_encoder.transformer.resblocks.2,V6,train,sub-08,5919,105,rsa,0.015318041667342186
clip/ViT-B/16,image_encoder.transformer.resblocks.2,V6A,train,sub-08,5919,84,rsa,0.022923359647393227
clip/ViT-B/16,image_encoder.transformer.resblocks.2,V7,train,sub-08,5919,78,rsa,0.027097508311271667
clip/ViT-B/16,image_encoder.transformer.resblocks.2,V8,train,sub-08,5919,112,rsa,0.03986534848809242
clip/ViT-B/16,image_encoder.transformer.resblocks.2,FFC,train,sub-08,5919,275,rsa,0.034659359604120255
clip/ViT-B/16,image_encoder.transformer.resblocks.2,PIT,train,sub-08,5919,117,rsa,0.02464623749256134
clip/ViT-B/16,image_encoder.transformer.resblocks.2,IPS1,train,sub-08,5919,219,rsa,0.01692991890013218
clip/ViT-B/16,image_encoder.transformer.resblocks.2,MST,train,sub-08,5919,140,rsa,0.04510439932346344
clip/ViT-B/16,image_encoder.transformer.resblocks.2,MT,train,sub-08,5919,99,rsa,0.031252581626176834
clip/ViT-B/16,image_encoder.transformer.resblocks.2,FST,train,sub-08,5919,149,rsa,0.04494175314903259
clip/ViT-B/16,image_encoder.transformer.resblocks.2,LO1,train,sub-08,5919,79,rsa,0.019879402592778206
clip/ViT-B/16,image_encoder.transformer.resblocks.2,LO2,train,sub-08,5919,83,rsa,0.0433390736579895
clip/ViT-B/16,image_encoder.transformer.resblocks.2,LO3,train,sub-08,5919,125,rsa,0.03177858889102936
clip/ViT-B/16,image_encoder.transformer.resblocks.2,V7,train,sub-08,5919,78,rsa,0.027097508311271667
clip/ViT-B/16,image_encoder.transformer.resblocks.2,IP0,train,sub-08,5919,151,rsa,0.014923873357474804
clip/ViT-B/16,image_encoder.transformer.resblocks.2,IP1,train,sub-08,5919,91,rsa,0.005084264557808638
clip/ViT-B/16,image_encoder.transformer.resblocks.2,MIP,train,sub-08,5919,291,rsa,0.013227060437202454
clip/ViT-B/16,image_encoder.transformer.resblocks.2,VIP,train,sub-08,5919,184,rsa,0.008150367997586727
clip/ViT-B/16,image_encoder.transformer.resblocks.2,LIPd,train,sub-08,5919,77,rsa,0.007146512158215046
clip/ViT-B/16,image_encoder.transformer.resblocks.2,LIPv,train,sub-08,5919,251,rsa,0.005347277503460646
clip/ViT-B/16,image_encoder.transformer.resblocks.2,AIP,train,sub-08,5919,387,rsa,0.0065497346222400665
clip/ViT-B/16,image_encoder.transformer.resblocks.2,7Pm,train,sub-08,5919,25,rsa,0.0004387558437883854
clip/ViT-B/16,image_encoder.transformer.resblocks.2,7PL,train,sub-08,5919,91,rsa,0.006803832948207855
clip/ViT-B/16,image_encoder.transformer.resblocks.2,7PC,train,sub-08,5919,231,rsa,0.006645366549491882
clip/ViT-B/16,image_encoder.transformer.resblocks.2,7Am,train,sub-08,5919,136,rsa,0.004851448815315962
clip/ViT-B/16,image_encoder.transformer.resblocks.2,7AL,train,sub-08,5919,234,rsa,0.005283784121274948
clip/ViT-B/16,image_encoder.transformer.resblocks.2,VVC,train,sub-08,5919,199,rsa,0.02765629068017006
clip/ViT-B/16,image_encoder.transformer.resblocks.2,VMV2,train,sub-08,5919,94,rsa,0.01433876994997263
clip/ViT-B/16,image_encoder.transformer.resblocks.2,VMV3,train,sub-08,5919,107,rsa,0.016298815608024597
clip/ViT-B/16,image_encoder.transformer.resblocks.2,VMV1,train,sub-08,5919,44,rsa,0.014110707677900791
clip/ViT-B/16,image_encoder.transformer.resblocks.2,PHA2,train,sub-08,5919,13,rsa,0.0033839168027043343
clip/ViT-B/16,image_encoder.transformer.resblocks.2,PHA3,train,sub-08,5919,55,rsa,0.01294100284576416
clip/ViT-B/16,image_encoder.transformer.resblocks.2,PH,train,sub-08,5919,350,rsa,0.040638282895088196
clip/ViT-B/16,image_encoder.transformer.resblocks.3,V1,train,sub-08,5919,560,rsa,0.07415194809436798
clip/ViT-B/16,image_encoder.transformer.resblocks.3,V2,train,sub-08,5919,482,rsa,0.06558749824762344
clip/ViT-B/16,image_encoder.transformer.resblocks.3,V3,train,sub-08,5919,458,rsa,0.040365416556596756
clip/ViT-B/16,image_encoder.transformer.resblocks.3,V4,train,sub-08,5919,604,rsa,0.05140373483300209
clip/ViT-B/16,image_encoder.transformer.resblocks.3,V3A,train,sub-08,5919,226,rsa,0.03337995707988739
clip/ViT-B/16,image_encoder.transformer.resblocks.3,V3B,train,sub-08,5919,147,rsa,0.03713938593864441
clip/ViT-B/16,image_encoder.transformer.resblocks.3,V6,train,sub-08,5919,105,rsa,0.022133007645606995
clip/ViT-B/16,image_encoder.transformer.resblocks.3,V6A,train,sub-08,5919,84,rsa,0.03287603706121445
clip/ViT-B/16,image_encoder.transformer.resblocks.3,V7,train,sub-08,5919,78,rsa,0.03271996229887009
clip/ViT-B/16,image_encoder.transformer.resblocks.3,V8,train,sub-08,5919,112,rsa,0.05176859721541405
clip/ViT-B/16,image_encoder.transformer.resblocks.3,FFC,train,sub-08,5919,275,rsa,0.04676416888833046
clip/ViT-B/16,image_encoder.transformer.resblocks.3,PIT,train,sub-08,5919,117,rsa,0.03370648995041847
clip/ViT-B/16,image_encoder.transformer.resblocks.3,IPS1,train,sub-08,5919,219,rsa,0.022352775558829308
clip/ViT-B/16,image_encoder.transformer.resblocks.3,MST,train,sub-08,5919,140,rsa,0.05567459762096405
clip/ViT-B/16,image_encoder.transformer.resblocks.3,MT,train,sub-08,5919,99,rsa,0.04241703450679779
clip/ViT-B/16,image_encoder.transformer.resblocks.3,FST,train,sub-08,5919,149,rsa,0.05917226895689964
clip/ViT-B/16,image_encoder.transformer.resblocks.3,LO1,train,sub-08,5919,79,rsa,0.027231784537434578
clip/ViT-B/16,image_encoder.transformer.resblocks.3,LO2,train,sub-08,5919,83,rsa,0.062146518379449844
clip/ViT-B/16,image_encoder.transformer.resblocks.3,LO3,train,sub-08,5919,125,rsa,0.040514882653951645
clip/ViT-B/16,image_encoder.transformer.resblocks.3,V7,train,sub-08,5919,78,rsa,0.03271996229887009
clip/ViT-B/16,image_encoder.transformer.resblocks.3,IP0,train,sub-08,5919,151,rsa,0.020242435857653618
clip/ViT-B/16,image_encoder.transformer.resblocks.3,IP1,train,sub-08,5919,91,rsa,0.006680638529360294
clip/ViT-B/16,image_encoder.transformer.resblocks.3,MIP,train,sub-08,5919,291,rsa,0.017346326261758804
clip/ViT-B/16,image_encoder.transformer.resblocks.3,VIP,train,sub-08,5919,184,rsa,0.011197995394468307
clip/ViT-B/16,image_encoder.transformer.resblocks.3,LIPd,train,sub-08,5919,77,rsa,0.009888352826237679
clip/ViT-B/16,image_encoder.transformer.resblocks.3,LIPv,train,sub-08,5919,251,rsa,0.0082593047991395
clip/ViT-B/16,image_encoder.transformer.resblocks.3,AIP,train,sub-08,5919,387,rsa,0.008350292220711708
clip/ViT-B/16,image_encoder.transformer.resblocks.3,7Pm,train,sub-08,5919,25,rsa,0.0015432012733072042
clip/ViT-B/16,image_encoder.transformer.resblocks.3,7PL,train,sub-08,5919,91,rsa,0.01012090127915144
clip/ViT-B/16,image_encoder.transformer.resblocks.3,7PC,train,sub-08,5919,231,rsa,0.009118200279772282
clip/ViT-B/16,image_encoder.transformer.resblocks.3,7Am,train,sub-08,5919,136,rsa,0.007130302023142576
clip/ViT-B/16,image_encoder.transformer.resblocks.3,7AL,train,sub-08,5919,234,rsa,0.006894998252391815
clip/ViT-B/16,image_encoder.transformer.resblocks.3,VVC,train,sub-08,5919,199,rsa,0.03443934768438339
clip/ViT-B/16,image_encoder.transformer.resblocks.3,VMV2,train,sub-08,5919,94,rsa,0.020263582468032837
clip/ViT-B/16,image_encoder.transformer.resblocks.3,VMV3,train,sub-08,5919,107,rsa,0.02111051417887211
clip/ViT-B/16,image_encoder.transformer.resblocks.3,VMV1,train,sub-08,5919,44,rsa,0.01947365328669548
clip/ViT-B/16,image_encoder.transformer.resblocks.3,PHA2,train,sub-08,5919,13,rsa,0.004560505039989948
clip/ViT-B/16,image_encoder.transformer.resblocks.3,PHA3,train,sub-08,5919,55,rsa,0.018598422408103943
clip/ViT-B/16,image_encoder.transformer.resblocks.3,PH,train,sub-08,5919,350,rsa,0.05342019721865654
clip/ViT-B/16,image_encoder.transformer.resblocks.4,V1,train,sub-08,5919,560,rsa,0.07565834373235703
clip/ViT-B/16,image_encoder.transformer.resblocks.4,V2,train,sub-08,5919,482,rsa,0.06862742453813553
clip/ViT-B/16,image_encoder.transformer.resblocks.4,V3,train,sub-08,5919,458,rsa,0.04395148903131485
clip/ViT-B/16,image_encoder.transformer.resblocks.4,V4,train,sub-08,5919,604,rsa,0.0611138641834259
clip/ViT-B/16,image_encoder.transformer.resblocks.4,V3A,train,sub-08,5919,226,rsa,0.03797021508216858
clip/ViT-B/16,image_encoder.transformer.resblocks.4,V3B,train,sub-08,5919,147,rsa,0.04451720044016838
clip/ViT-B/16,image_encoder.transformer.resblocks.4,V6,train,sub-08,5919,105,rsa,0.027024153620004654
clip/ViT-B/16,image_encoder.transformer.resblocks.4,V6A,train,sub-08,5919,84,rsa,0.041900500655174255
clip/ViT-B/16,image_encoder.transformer.resblocks.4,V7,train,sub-08,5919,78,rsa,0.0358305424451828
clip/ViT-B/16,image_encoder.transformer.resblocks.4,V8,train,sub-08,5919,112,rsa,0.0606149286031723
clip/ViT-B/16,image_encoder.transformer.resblocks.4,FFC,train,sub-08,5919,275,rsa,0.057889554649591446
clip/ViT-B/16,image_encoder.transformer.resblocks.4,PIT,train,sub-08,5919,117,rsa,0.04136783629655838
clip/ViT-B/16,image_encoder.transformer.resblocks.4,IPS1,train,sub-08,5919,219,rsa,0.027068713679909706
clip/ViT-B/16,image_encoder.transformer.resblocks.4,MST,train,sub-08,5919,140,rsa,0.06270839273929596
clip/ViT-B/16,image_encoder.transformer.resblocks.4,MT,train,sub-08,5919,99,rsa,0.05170022323727608
clip/ViT-B/16,image_encoder.transformer.resblocks.4,FST,train,sub-08,5919,149,rsa,0.0706111490726471
clip/ViT-B/16,image_encoder.transformer.resblocks.4,LO1,train,sub-08,5919,79,rsa,0.03379188850522041
clip/ViT-B/16,image_encoder.transformer.resblocks.4,LO2,train,sub-08,5919,83,rsa,0.08125580847263336
clip/ViT-B/16,image_encoder.transformer.resblocks.4,LO3,train,sub-08,5919,125,rsa,0.04857706278562546
clip/ViT-B/16,image_encoder.transformer.resblocks.4,V7,train,sub-08,5919,78,rsa,0.0358305424451828
clip/ViT-B/16,image_encoder.transformer.resblocks.4,IP0,train,sub-08,5919,151,rsa,0.025466077029705048
clip/ViT-B/16,image_encoder.transformer.resblocks.4,IP1,train,sub-08,5919,91,rsa,0.00859263725578785
clip/ViT-B/16,image_encoder.transformer.resblocks.4,MIP,train,sub-08,5919,291,rsa,0.020901519805192947
clip/ViT-B/16,image_encoder.transformer.resblocks.4,VIP,train,sub-08,5919,184,rsa,0.013568156398832798
clip/ViT-B/16,image_encoder.transformer.resblocks.4,LIPd,train,sub-08,5919,77,rsa,0.013135096058249474
clip/ViT-B/16,image_encoder.transformer.resblocks.4,LIPv,train,sub-08,5919,251,rsa,0.010640094988048077
clip/ViT-B/16,image_encoder.transformer.resblocks.4,AIP,train,sub-08,5919,387,rsa,0.009318969212472439
clip/ViT-B/16,image_encoder.transformer.resblocks.4,7Pm,train,sub-08,5919,25,rsa,0.0023877760395407677
clip/ViT-B/16,image_encoder.transformer.resblocks.4,7PL,train,sub-08,5919,91,rsa,0.012047271244227886
clip/ViT-B/16,image_encoder.transformer.resblocks.4,7PC,train,sub-08,5919,231,rsa,0.010753585025668144
clip/ViT-B/16,image_encoder.transformer.resblocks.4,7Am,train,sub-08,5919,136,rsa,0.00940921064466238
clip/ViT-B/16,image_encoder.transformer.resblocks.4,7AL,train,sub-08,5919,234,rsa,0.007871896028518677
clip/ViT-B/16,image_encoder.transformer.resblocks.4,VVC,train,sub-08,5919,199,rsa,0.039782922714948654
clip/ViT-B/16,image_encoder.transformer.resblocks.4,VMV2,train,sub-08,5919,94,rsa,0.026515794917941093
clip/ViT-B/16,image_encoder.transformer.resblocks.4,VMV3,train,sub-08,5919,107,rsa,0.026153992861509323
clip/ViT-B/16,image_encoder.transformer.resblocks.4,VMV1,train,sub-08,5919,44,rsa,0.023092757910490036
clip/ViT-B/16,image_encoder.transformer.resblocks.4,PHA2,train,sub-08,5919,13,rsa,0.005967749748378992
clip/ViT-B/16,image_encoder.transformer.resblocks.4,PHA3,train,sub-08,5919,55,rsa,0.023970242589712143
clip/ViT-B/16,image_encoder.transformer.resblocks.4,PH,train,sub-08,5919,350,rsa,0.06493448466062546
clip/ViT-B/16,image_encoder.transformer.resblocks.5,V1,train,sub-08,5919,560,rsa,0.08954978734254837
clip/ViT-B/16,image_encoder.transformer.resblocks.5,V2,train,sub-08,5919,482,rsa,0.08184275031089783
clip/ViT-B/16,image_encoder.transformer.resblocks.5,V3,train,sub-08,5919,458,rsa,0.053557977080345154
clip/ViT-B/16,image_encoder.transformer.resblocks.5,V4,train,sub-08,5919,604,rsa,0.07103590667247772
clip/ViT-B/16,image_encoder.transformer.resblocks.5,V3A,train,sub-08,5919,226,rsa,0.04505360126495361
clip/ViT-B/16,image_encoder.transformer.resblocks.5,V3B,train,sub-08,5919,147,rsa,0.05110054090619087
clip/ViT-B/16,image_encoder.transformer.resblocks.5,V6,train,sub-08,5919,105,rsa,0.034751154482364655
clip/ViT-B/16,image_encoder.transformer.resblocks.5,V6A,train,sub-08,5919,84,rsa,0.050080712884664536
clip/ViT-B/16,image_encoder.transformer.resblocks.5,V7,train,sub-08,5919,78,rsa,0.04018052667379379
clip/ViT-B/16,image_encoder.transformer.resblocks.5,V8,train,sub-08,5919,112,rsa,0.06679429113864899
clip/ViT-B/16,image_encoder.transformer.resblocks.5,FFC,train,sub-08,5919,275,rsa,0.0653955340385437
clip/ViT-B/16,image_encoder.transformer.resblocks.5,PIT,train,sub-08,5919,117,rsa,0.04882228001952171
clip/ViT-B/16,image_encoder.transformer.resblocks.5,IPS1,train,sub-08,5919,219,rsa,0.031108098104596138
clip/ViT-B/16,image_encoder.transformer.resblocks.5,MST,train,sub-08,5919,140,rsa,0.06873362511396408
clip/ViT-B/16,image_encoder.transformer.resblocks.5,MT,train,sub-08,5919,99,rsa,0.057209502905607224
clip/ViT-B/16,image_encoder.transformer.resblocks.5,FST,train,sub-08,5919,149,rsa,0.07969383150339127
clip/ViT-B/16,image_encoder.transformer.resblocks.5,LO1,train,sub-08,5919,79,rsa,0.03654121235013008
clip/ViT-B/16,image_encoder.transformer.resblocks.5,LO2,train,sub-08,5919,83,rsa,0.09220801293849945
clip/ViT-B/16,image_encoder.transformer.resblocks.5,LO3,train,sub-08,5919,125,rsa,0.05395828187465668
clip/ViT-B/16,image_encoder.transformer.resblocks.5,V7,train,sub-08,5919,78,rsa,0.04018052667379379
clip/ViT-B/16,image_encoder.transformer.resblocks.5,IP0,train,sub-08,5919,151,rsa,0.028678644448518753
clip/ViT-B/16,image_encoder.transformer.resblocks.5,IP1,train,sub-08,5919,91,rsa,0.009443889372050762
clip/ViT-B/16,image_encoder.transformer.resblocks.5,MIP,train,sub-08,5919,291,rsa,0.026000933721661568
clip/ViT-B/16,image_encoder.transformer.resblocks.5,VIP,train,sub-08,5919,184,rsa,0.0171749796718359
clip/ViT-B/16,image_encoder.transformer.resblocks.5,LIPd,train,sub-08,5919,77,rsa,0.013844500295817852
clip/ViT-B/16,image_encoder.transformer.resblocks.5,LIPv,train,sub-08,5919,251,rsa,0.012142607010900974
clip/ViT-B/16,image_encoder.transformer.resblocks.5,AIP,train,sub-08,5919,387,rsa,0.009973916225135326
clip/ViT-B/16,image_encoder.transformer.resblocks.5,7Pm,train,sub-08,5919,25,rsa,0.0035128432791680098
clip/ViT-B/16,image_encoder.transformer.resblocks.5,7PL,train,sub-08,5919,91,rsa,0.014956214465200901
clip/ViT-B/16,image_encoder.transformer.resblocks.5,7PC,train,sub-08,5919,231,rsa,0.01267844159156084
clip/ViT-B/16,image_encoder.transformer.resblocks.5,7Am,train,sub-08,5919,136,rsa,0.012613324448466301
clip/ViT-B/16,image_encoder.transformer.resblocks.5,7AL,train,sub-08,5919,234,rsa,0.009260909631848335
clip/ViT-B/16,image_encoder.transformer.resblocks.5,VVC,train,sub-08,5919,199,rsa,0.041542038321495056
clip/ViT-B/16,image_encoder.transformer.resblocks.5,VMV2,train,sub-08,5919,94,rsa,0.029802018776535988
clip/ViT-B/16,image_encoder.transformer.resblocks.5,VMV3,train,sub-08,5919,107,rsa,0.028557004407048225
clip/ViT-B/16,image_encoder.transformer.resblocks.5,VMV1,train,sub-08,5919,44,rsa,0.02665841206908226
clip/ViT-B/16,image_encoder.transformer.resblocks.5,PHA2,train,sub-08,5919,13,rsa,0.006757488939911127
clip/ViT-B/16,image_encoder.transformer.resblocks.5,PHA3,train,sub-08,5919,55,rsa,0.026050107553601265
clip/ViT-B/16,image_encoder.transformer.resblocks.5,PH,train,sub-08,5919,350,rsa,0.0728406012058258
clip/ViT-B/16,image_encoder.transformer.resblocks.6,V1,train,sub-08,5919,560,rsa,0.08128322660923004
clip/ViT-B/16,image_encoder.transformer.resblocks.6,V2,train,sub-08,5919,482,rsa,0.07430623471736908
clip/ViT-B/16,image_encoder.transformer.resblocks.6,V3,train,sub-08,5919,458,rsa,0.046775318682193756
clip/ViT-B/16,image_encoder.transformer.resblocks.6,V4,train,sub-08,5919,604,rsa,0.05149408429861069
clip/ViT-B/16,image_encoder.transformer.resblocks.6,V3A,train,sub-08,5919,226,rsa,0.032667409628629684
clip/ViT-B/16,image_encoder.transformer.resblocks.6,V3B,train,sub-08,5919,147,rsa,0.03328515961766243
clip/ViT-B/16,image_encoder.transformer.resblocks.6,V6,train,sub-08,5919,105,rsa,0.026584679260849953
clip/ViT-B/16,image_encoder.transformer.resblocks.6,V6A,train,sub-08,5919,84,rsa,0.03430557996034622
clip/ViT-B/16,image_encoder.transformer.resblocks.6,V7,train,sub-08,5919,78,rsa,0.030047180131077766
clip/ViT-B/16,image_encoder.transformer.resblocks.6,V8,train,sub-08,5919,112,rsa,0.03978518024086952
clip/ViT-B/16,image_encoder.transformer.resblocks.6,FFC,train,sub-08,5919,275,rsa,0.04237060993909836
clip/ViT-B/16,image_encoder.transformer.resblocks.6,PIT,train,sub-08,5919,117,rsa,0.03428388759493828
clip/ViT-B/16,image_encoder.transformer.resblocks.6,IPS1,train,sub-08,5919,219,rsa,0.01982535980641842
clip/ViT-B/16,image_encoder.transformer.resblocks.6,MST,train,sub-08,5919,140,rsa,0.04529816284775734
clip/ViT-B/16,image_encoder.transformer.resblocks.6,MT,train,sub-08,5919,99,rsa,0.03447359427809715
clip/ViT-B/16,image_encoder.transformer.resblocks.6,FST,train,sub-08,5919,149,rsa,0.04825625196099281
clip/ViT-B/16,image_encoder.transformer.resblocks.6,LO1,train,sub-08,5919,79,rsa,0.02249419316649437
clip/ViT-B/16,image_encoder.transformer.resblocks.6,LO2,train,sub-08,5919,83,rsa,0.057755619287490845
clip/ViT-B/16,image_encoder.transformer.resblocks.6,LO3,train,sub-08,5919,125,rsa,0.035462431609630585
clip/ViT-B/16,image_encoder.transformer.resblocks.6,V7,train,sub-08,5919,78,rsa,0.030047180131077766
clip/ViT-B/16,image_encoder.transformer.resblocks.6,IP0,train,sub-08,5919,151,rsa,0.017428558319807053
clip/ViT-B/16,image_encoder.transformer.resblocks.6,IP1,train,sub-08,5919,91,rsa,0.005704689770936966
clip/ViT-B/16,image_encoder.transformer.resblocks.6,MIP,train,sub-08,5919,291,rsa,0.01879170536994934
clip/ViT-B/16,image_encoder.transformer.resblocks.6,VIP,train,sub-08,5919,184,rsa,0.012250648811459541
clip/ViT-B/16,image_encoder.transformer.resblocks.6,LIPd,train,sub-08,5919,77,rsa,0.007731920573860407
clip/ViT-B/16,image_encoder.transformer.resblocks.6,LIPv,train,sub-08,5919,251,rsa,0.006777201779186726
clip/ViT-B/16,image_encoder.transformer.resblocks.6,AIP,train,sub-08,5919,387,rsa,0.005888821091502905
clip/ViT-B/16,image_encoder.transformer.resblocks.6,7Pm,train,sub-08,5919,25,rsa,0.0024553921539336443
clip/ViT-B/16,image_encoder.transformer.resblocks.6,7PL,train,sub-08,5919,91,rsa,0.01091466099023819
clip/ViT-B/16,image_encoder.transformer.resblocks.6,7PC,train,sub-08,5919,231,rsa,0.00876687839627266
clip/ViT-B/16,image_encoder.transformer.resblocks.6,7Am,train,sub-08,5919,136,rsa,0.011010642163455486
clip/ViT-B/16,image_encoder.transformer.resblocks.6,7AL,train,sub-08,5919,234,rsa,0.005552893504500389
clip/ViT-B/16,image_encoder.transformer.resblocks.6,VVC,train,sub-08,5919,199,rsa,0.023953942582011223
clip/ViT-B/16,image_encoder.transformer.resblocks.6,VMV2,train,sub-08,5919,94,rsa,0.01700720749795437
clip/ViT-B/16,image_encoder.transformer.resblocks.6,VMV3,train,sub-08,5919,107,rsa,0.016483493149280548
clip/ViT-B/16,image_encoder.transformer.resblocks.6,VMV1,train,sub-08,5919,44,rsa,0.01671525090932846
clip/ViT-B/16,image_encoder.transformer.resblocks.6,PHA2,train,sub-08,5919,13,rsa,0.0034734976943582296
clip/ViT-B/16,image_encoder.transformer.resblocks.6,PHA3,train,sub-08,5919,55,rsa,0.0138279739767313
clip/ViT-B/16,image_encoder.transformer.resblocks.6,PH,train,sub-08,5919,350,rsa,0.04532989487051964
clip/ViT-B/16,image_encoder.transformer.resblocks.7,V1,train,sub-08,5919,560,rsa,0.08135145902633667
clip/ViT-B/16,image_encoder.transformer.resblocks.7,V2,train,sub-08,5919,482,rsa,0.07303529232740402
clip/ViT-B/16,image_encoder.transformer.resblocks.7,V3,train,sub-08,5919,458,rsa,0.04487164691090584
clip/ViT-B/16,image_encoder.transformer.resblocks.7,V4,train,sub-08,5919,604,rsa,0.04422837868332863
clip/ViT-B/16,image_encoder.transformer.resblocks.7,V3A,train,sub-08,5919,226,rsa,0.027928855270147324
clip/ViT-B/16,image_encoder.transformer.resblocks.7,V3B,train,sub-08,5919,147,rsa,0.025127235800027847
clip/ViT-B/16,image_encoder.transformer.resblocks.7,V6,train,sub-08,5919,105,rsa,0.022788003087043762
clip/ViT-B/16,image_encoder.transformer.resblocks.7,V6A,train,sub-08,5919,84,rsa,0.027033526450395584
clip/ViT-B/16,image_encoder.transformer.resblocks.7,V7,train,sub-08,5919,78,rsa,0.02588336169719696
clip/ViT-B/16,image_encoder.transformer.resblocks.7,V8,train,sub-08,5919,112,rsa,0.028685491532087326
clip/ViT-B/16,image_encoder.transformer.resblocks.7,FFC,train,sub-08,5919,275,rsa,0.032017406076192856
clip/ViT-B/16,image_encoder.transformer.resblocks.7,PIT,train,sub-08,5919,117,rsa,0.027240771800279617
clip/ViT-B/16,image_encoder.transformer.resblocks.7,IPS1,train,sub-08,5919,219,rsa,0.014582725241780281
clip/ViT-B/16,image_encoder.transformer.resblocks.7,MST,train,sub-08,5919,140,rsa,0.03486068174242973
clip/ViT-B/16,image_encoder.transformer.resblocks.7,MT,train,sub-08,5919,99,rsa,0.024057194590568542
clip/ViT-B/16,image_encoder.transformer.resblocks.7,FST,train,sub-08,5919,149,rsa,0.033610567450523376
clip/ViT-B/16,image_encoder.transformer.resblocks.7,LO1,train,sub-08,5919,79,rsa,0.015656258910894394
clip/ViT-B/16,image_encoder.transformer.resblocks.7,LO2,train,sub-08,5919,83,rsa,0.041756682097911835
clip/ViT-B/16,image_encoder.transformer.resblocks.7,LO3,train,sub-08,5919,125,rsa,0.02648751810193062
clip/ViT-B/16,image_encoder.transformer.resblocks.7,V7,train,sub-08,5919,78,rsa,0.02588336169719696
clip/ViT-B/16,image_encoder.transformer.resblocks.7,IP0,train,sub-08,5919,151,rsa,0.012296521104872227
clip/ViT-B/16,image_encoder.transformer.resblocks.7,IP1,train,sub-08,5919,91,rsa,0.003929099068045616
clip/ViT-B/16,image_encoder.transformer.resblocks.7,MIP,train,sub-08,5919,291,rsa,0.015367455780506134
clip/ViT-B/16,image_encoder.transformer.resblocks.7,VIP,train,sub-08,5919,184,rsa,0.009421922266483307
clip/ViT-B/16,image_encoder.transformer.resblocks.7,LIPd,train,sub-08,5919,77,rsa,0.004708934109658003
clip/ViT-B/16,image_encoder.transformer.resblocks.7,LIPv,train,sub-08,5919,251,rsa,0.0038214726373553276
clip/ViT-B/16,image_encoder.transformer.resblocks.7,AIP,train,sub-08,5919,387,rsa,0.004313314333558083
clip/ViT-B/16,image_encoder.transformer.resblocks.7,7Pm,train,sub-08,5919,25,rsa,0.001392405480146408
clip/ViT-B/16,image_encoder.transformer.resblocks.7,7PL,train,sub-08,5919,91,rsa,0.009940852411091328
clip/ViT-B/16,image_encoder.transformer.resblocks.7,7PC,train,sub-08,5919,231,rsa,0.006921327672898769
clip/ViT-B/16,image_encoder.transformer.resblocks.7,7Am,train,sub-08,5919,136,rsa,0.009386669844388962
clip/ViT-B/16,image_encoder.transformer.resblocks.7,7AL,train,sub-08,5919,234,rsa,0.003787528956308961
clip/ViT-B/16,image_encoder.transformer.resblocks.7,VVC,train,sub-08,5919,199,rsa,0.016871988773345947
clip/ViT-B/16,image_encoder.transformer.resblocks.7,VMV2,train,sub-08,5919,94,rsa,0.0107225701212883
clip/ViT-B/16,image_encoder.transformer.resblocks.7,VMV3,train,sub-08,5919,107,rsa,0.010511709377169609
clip/ViT-B/16,image_encoder.transformer.resblocks.7,VMV1,train,sub-08,5919,44,rsa,0.012904896400868893
clip/ViT-B/16,image_encoder.transformer.resblocks.7,PHA2,train,sub-08,5919,13,rsa,0.002220321213826537
clip/ViT-B/16,image_encoder.transformer.resblocks.7,PHA3,train,sub-08,5919,55,rsa,0.00846888404339552
clip/ViT-B/16,image_encoder.transformer.resblocks.7,PH,train,sub-08,5919,350,rsa,0.03229766711592674
clip/ViT-B/16,image_encoder.transformer.resblocks.8,V1,train,sub-08,5919,560,rsa,0.08112747222185135
clip/ViT-B/16,image_encoder.transformer.resblocks.8,V2,train,sub-08,5919,482,rsa,0.07330109924077988
clip/ViT-B/16,image_encoder.transformer.resblocks.8,V3,train,sub-08,5919,458,rsa,0.04543713107705116
clip/ViT-B/16,image_encoder.transformer.resblocks.8,V4,train,sub-08,5919,604,rsa,0.04604843258857727
clip/ViT-B/16,image_encoder.transformer.resblocks.8,V3A,train,sub-08,5919,226,rsa,0.02926114946603775
clip/ViT-B/16,image_encoder.transformer.resblocks.8,V3B,train,sub-08,5919,147,rsa,0.02747725136578083
clip/ViT-B/16,image_encoder.transformer.resblocks.8,V6,train,sub-08,5919,105,rsa,0.02384638972580433
clip/ViT-B/16,image_encoder.transformer.resblocks.8,V6A,train,sub-08,5919,84,rsa,0.028913069516420364
clip/ViT-B/16,image_encoder.transformer.resblocks.8,V7,train,sub-08,5919,78,rsa,0.0269452016800642
clip/ViT-B/16,image_encoder.transformer.resblocks.8,V8,train,sub-08,5919,112,rsa,0.031410157680511475
clip/ViT-B/16,image_encoder.transformer.resblocks.8,FFC,train,sub-08,5919,275,rsa,0.03495463728904724
clip/ViT-B/16,image_encoder.transformer.resblocks.8,PIT,train,sub-08,5919,117,rsa,0.029503528028726578
clip/ViT-B/16,image_encoder.transformer.resblocks.8,IPS1,train,sub-08,5919,219,rsa,0.016154980286955833
clip/ViT-B/16,image_encoder.transformer.resblocks.8,MST,train,sub-08,5919,140,rsa,0.03761007636785507
clip/ViT-B/16,image_encoder.transformer.resblocks.8,MT,train,sub-08,5919,99,rsa,0.026789860799908638
clip/ViT-B/16,image_encoder.transformer.resblocks.8,FST,train,sub-08,5919,149,rsa,0.03761281445622444
clip/ViT-B/16,image_encoder.transformer.resblocks.8,LO1,train,sub-08,5919,79,rsa,0.01716877706348896
clip/ViT-B/16,image_encoder.transformer.resblocks.8,LO2,train,sub-08,5919,83,rsa,0.04457889124751091
clip/ViT-B/16,image_encoder.transformer.resblocks.8,LO3,train,sub-08,5919,125,rsa,0.028765641152858734
clip/ViT-B/16,image_encoder.transformer.resblocks.8,V7,train,sub-08,5919,78,rsa,0.0269452016800642
clip/ViT-B/16,image_encoder.transformer.resblocks.8,IP0,train,sub-08,5919,151,rsa,0.013818152248859406
clip/ViT-B/16,image_encoder.transformer.resblocks.8,IP1,train,sub-08,5919,91,rsa,0.004395727999508381
clip/ViT-B/16,image_encoder.transformer.resblocks.8,MIP,train,sub-08,5919,291,rsa,0.016639064997434616
clip/ViT-B/16,image_encoder.transformer.resblocks.8,VIP,train,sub-08,5919,184,rsa,0.01022055372595787
clip/ViT-B/16,image_encoder.transformer.resblocks.8,LIPd,train,sub-08,5919,77,rsa,0.0052615269087255
clip/ViT-B/16,image_encoder.transformer.resblocks.8,LIPv,train,sub-08,5919,251,rsa,0.004579374101012945
clip/ViT-B/16,image_encoder.transformer.resblocks.8,AIP,train,sub-08,5919,387,rsa,0.004721843171864748
clip/ViT-B/16,image_encoder.transformer.resblocks.8,7Pm,train,sub-08,5919,25,rsa,0.0017057055374607444
clip/ViT-B/16,image_encoder.transformer.resblocks.8,7PL,train,sub-08,5919,91,rsa,0.010259329341351986
clip/ViT-B/16,image_encoder.transformer.resblocks.8,7PC,train,sub-08,5919,231,rsa,0.007363251876085997
clip/ViT-B/16,image_encoder.transformer.resblocks.8,7Am,train,sub-08,5919,136,rsa,0.00994696281850338
clip/ViT-B/16,image_encoder.transformer.resblocks.8,7AL,train,sub-08,5919,234,rsa,0.004446838051080704
clip/ViT-B/16,image_encoder.transformer.resblocks.8,VVC,train,sub-08,5919,199,rsa,0.019011683762073517
clip/ViT-B/16,image_encoder.transformer.resblocks.8,VMV2,train,sub-08,5919,94,rsa,0.012120984494686127
clip/ViT-B/16,image_encoder.transformer.resblocks.8,VMV3,train,sub-08,5919,107,rsa,0.012199873104691505
clip/ViT-B/16,image_encoder.transformer.resblocks.8,VMV1,train,sub-08,5919,44,rsa,0.013849468901753426
clip/ViT-B/16,image_encoder.transformer.resblocks.8,PHA2,train,sub-08,5919,13,rsa,0.0027711521834135056
clip/ViT-B/16,image_encoder.transformer.resblocks.8,PHA3,train,sub-08,5919,55,rsa,0.009193593636155128
clip/ViT-B/16,image_encoder.transformer.resblocks.8,PH,train,sub-08,5919,350,rsa,0.03625154867768288
clip/ViT-B/16,image_encoder.transformer.resblocks.9,V1,train,sub-08,5919,560,rsa,0.07895635813474655
clip/ViT-B/16,image_encoder.transformer.resblocks.9,V2,train,sub-08,5919,482,rsa,0.07279442995786667
clip/ViT-B/16,image_encoder.transformer.resblocks.9,V3,train,sub-08,5919,458,rsa,0.04598768800497055
clip/ViT-B/16,image_encoder.transformer.resblocks.9,V4,train,sub-08,5919,604,rsa,0.04896995797753334
clip/ViT-B/16,image_encoder.transformer.resblocks.9,V3A,train,sub-08,5919,226,rsa,0.030176229774951935
clip/ViT-B/16,image_encoder.transformer.resblocks.9,V3B,train,sub-08,5919,147,rsa,0.030180294066667557
clip/ViT-B/16,image_encoder.transformer.resblocks.9,V6,train,sub-08,5919,105,rsa,0.023981891572475433
clip/ViT-B/16,image_encoder.transformer.resblocks.9,V6A,train,sub-08,5919,84,rsa,0.02998165227472782
clip/ViT-B/16,image_encoder.transformer.resblocks.9,V7,train,sub-08,5919,78,rsa,0.027848904952406883
clip/ViT-B/16,image_encoder.transformer.resblocks.9,V8,train,sub-08,5919,112,rsa,0.03446895629167557
clip/ViT-B/16,image_encoder.transformer.resblocks.9,FFC,train,sub-08,5919,275,rsa,0.03935151919722557
clip/ViT-B/16,image_encoder.transformer.resblocks.9,PIT,train,sub-08,5919,117,rsa,0.032501328736543655
clip/ViT-B/16,image_encoder.transformer.resblocks.9,IPS1,train,sub-08,5919,219,rsa,0.017780916765332222
clip/ViT-B/16,image_encoder.transformer.resblocks.9,MST,train,sub-08,5919,140,rsa,0.04112352058291435
clip/ViT-B/16,image_encoder.transformer.resblocks.9,MT,train,sub-08,5919,99,rsa,0.029519151896238327
clip/ViT-B/16,image_encoder.transformer.resblocks.9,FST,train,sub-08,5919,149,rsa,0.042421165853738785
clip/ViT-B/16,image_encoder.transformer.resblocks.9,LO1,train,sub-08,5919,79,rsa,0.019108084961771965
clip/ViT-B/16,image_encoder.transformer.resblocks.9,LO2,train,sub-08,5919,83,rsa,0.04855992645025253
clip/ViT-B/16,image_encoder.transformer.resblocks.9,LO3,train,sub-08,5919,125,rsa,0.03161824122071266
clip/ViT-B/16,image_encoder.transformer.resblocks.9,V7,train,sub-08,5919,78,rsa,0.027848904952406883
clip/ViT-B/16,image_encoder.transformer.resblocks.9,IP0,train,sub-08,5919,151,rsa,0.015497940592467785
clip/ViT-B/16,image_encoder.transformer.resblocks.9,IP1,train,sub-08,5919,91,rsa,0.005014594178646803
clip/ViT-B/16,image_encoder.transformer.resblocks.9,MIP,train,sub-08,5919,291,rsa,0.017788633704185486
clip/ViT-B/16,image_encoder.transformer.resblocks.9,VIP,train,sub-08,5919,184,rsa,0.010868293233215809
clip/ViT-B/16,image_encoder.transformer.resblocks.9,LIPd,train,sub-08,5919,77,rsa,0.005940048024058342
clip/ViT-B/16,image_encoder.transformer.resblocks.9,LIPv,train,sub-08,5919,251,rsa,0.0053756809793412685
clip/ViT-B/16,image_encoder.transformer.resblocks.9,AIP,train,sub-08,5919,387,rsa,0.005451824516057968
clip/ViT-B/16,image_encoder.transformer.resblocks.9,7Pm,train,sub-08,5919,25,rsa,0.001622697338461876
clip/ViT-B/16,image_encoder.transformer.resblocks.9,7PL,train,sub-08,5919,91,rsa,0.010176191106438637
clip/ViT-B/16,image_encoder.transformer.resblocks.9,7PC,train,sub-08,5919,231,rsa,0.007673616521060467
clip/ViT-B/16,image_encoder.transformer.resblocks.9,7Am,train,sub-08,5919,136,rsa,0.010272067971527576
clip/ViT-B/16,image_encoder.transformer.resblocks.9,7AL,train,sub-08,5919,234,rsa,0.005038335919380188
clip/ViT-B/16,image_encoder.transformer.resblocks.9,VVC,train,sub-08,5919,199,rsa,0.02151583693921566
clip/ViT-B/16,image_encoder.transformer.resblocks.9,VMV2,train,sub-08,5919,94,rsa,0.013602127321064472
clip/ViT-B/16,image_encoder.transformer.resblocks.9,VMV3,train,sub-08,5919,107,rsa,0.014436624012887478
clip/ViT-B/16,image_encoder.transformer.resblocks.9,VMV1,train,sub-08,5919,44,rsa,0.014675998128950596
clip/ViT-B/16,image_encoder.transformer.resblocks.9,PHA2,train,sub-08,5919,13,rsa,0.003093288280069828
clip/ViT-B/16,image_encoder.transformer.resblocks.9,PHA3,train,sub-08,5919,55,rsa,0.010251253843307495
clip/ViT-B/16,image_encoder.transformer.resblocks.9,PH,train,sub-08,5919,350,rsa,0.04173430800437927
clip/ViT-B/16,image_encoder.transformer.resblocks.10,V1,train,sub-08,5919,560,rsa,0.07687891274690628
clip/ViT-B/16,image_encoder.transformer.resblocks.10,V2,train,sub-08,5919,482,rsa,0.07105091959238052
clip/ViT-B/16,image_encoder.transformer.resblocks.10,V3,train,sub-08,5919,458,rsa,0.0454036146402359
clip/ViT-B/16,image_encoder.transformer.resblocks.10,V4,train,sub-08,5919,604,rsa,0.05001544579863548
clip/ViT-B/16,image_encoder.transformer.resblocks.10,V3A,train,sub-08,5919,226,rsa,0.031031722202897072
clip/ViT-B/16,image_encoder.transformer.resblocks.10,V3B,train,sub-08,5919,147,rsa,0.03212960809469223
clip/ViT-B/16,image_encoder.transformer.resblocks.10,V6,train,sub-08,5919,105,rsa,0.02419545128941536
clip/ViT-B/16,image_encoder.transformer.resblocks.10,V6A,train,sub-08,5919,84,rsa,0.031093502417206764
clip/ViT-B/16,image_encoder.transformer.resblocks.10,V7,train,sub-08,5919,78,rsa,0.028782732784748077
clip/ViT-B/16,image_encoder.transformer.resblocks.10,V8,train,sub-08,5919,112,rsa,0.0363667756319046
clip/ViT-B/16,image_encoder.transformer.resblocks.10,FFC,train,sub-08,5919,275,rsa,0.04184822738170624
clip/ViT-B/16,image_encoder.transformer.resblocks.10,PIT,train,sub-08,5919,117,rsa,0.03430384397506714
clip/ViT-B/16,image_encoder.transformer.resblocks.10,IPS1,train,sub-08,5919,219,rsa,0.019470958039164543
clip/ViT-B/16,image_encoder.transformer.resblocks.10,MST,train,sub-08,5919,140,rsa,0.04348573461174965
clip/ViT-B/16,image_encoder.transformer.resblocks.10,MT,train,sub-08,5919,99,rsa,0.03167150914669037
clip/ViT-B/16,image_encoder.transformer.resblocks.10,FST,train,sub-08,5919,149,rsa,0.04524742066860199
clip/ViT-B/16,image_encoder.transformer.resblocks.10,LO1,train,sub-08,5919,79,rsa,0.020635660737752914
clip/ViT-B/16,image_encoder.transformer.resblocks.10,LO2,train,sub-08,5919,83,rsa,0.05111169070005417
clip/ViT-B/16,image_encoder.transformer.resblocks.10,LO3,train,sub-08,5919,125,rsa,0.03353887423872948
clip/ViT-B/16,image_encoder.transformer.resblocks.10,V7,train,sub-08,5919,78,rsa,0.028782732784748077
clip/ViT-B/16,image_encoder.transformer.resblocks.10,IP0,train,sub-08,5919,151,rsa,0.0168301984667778
clip/ViT-B/16,image_encoder.transformer.resblocks.10,IP1,train,sub-08,5919,91,rsa,0.005661732982844114
clip/ViT-B/16,image_encoder.transformer.resblocks.10,MIP,train,sub-08,5919,291,rsa,0.01892898418009281
clip/ViT-B/16,image_encoder.transformer.resblocks.10,VIP,train,sub-08,5919,184,rsa,0.011553571559488773
clip/ViT-B/16,image_encoder.transformer.resblocks.10,LIPd,train,sub-08,5919,77,rsa,0.006655499804764986
clip/ViT-B/16,image_encoder.transformer.resblocks.10,LIPv,train,sub-08,5919,251,rsa,0.0062948004342615604
clip/ViT-B/16,image_encoder.transformer.resblocks.10,AIP,train,sub-08,5919,387,rsa,0.00614166259765625
clip/ViT-B/16,image_encoder.transformer.resblocks.10,7Pm,train,sub-08,5919,25,rsa,0.001718137413263321
clip/ViT-B/16,image_encoder.transformer.resblocks.10,7PL,train,sub-08,5919,91,rsa,0.010310492478311062
clip/ViT-B/16,image_encoder.transformer.resblocks.10,7PC,train,sub-08,5919,231,rsa,0.007970434613525867
clip/ViT-B/16,image_encoder.transformer.resblocks.10,7Am,train,sub-08,5919,136,rsa,0.010725761763751507
clip/ViT-B/16,image_encoder.transformer.resblocks.10,7AL,train,sub-08,5919,234,rsa,0.005502455867826939
clip/ViT-B/16,image_encoder.transformer.resblocks.10,VVC,train,sub-08,5919,199,rsa,0.02331034280359745
clip/ViT-B/16,image_encoder.transformer.resblocks.10,VMV2,train,sub-08,5919,94,rsa,0.014830746687948704
clip/ViT-B/16,image_encoder.transformer.resblocks.10,VMV3,train,sub-08,5919,107,rsa,0.015734251588582993
clip/ViT-B/16,image_encoder.transformer.resblocks.10,VMV1,train,sub-08,5919,44,rsa,0.01530491467565298
clip/ViT-B/16,image_encoder.transformer.resblocks.10,PHA2,train,sub-08,5919,13,rsa,0.0034557220060378313
clip/ViT-B/16,image_encoder.transformer.resblocks.10,PHA3,train,sub-08,5919,55,rsa,0.010827478021383286
clip/ViT-B/16,image_encoder.transformer.resblocks.10,PH,train,sub-08,5919,350,rsa,0.04536449909210205
clip/ViT-B/16,image_encoder.transformer.resblocks.11,V1,train,sub-08,5919,560,rsa,0.08692703396081924
clip/ViT-B/16,image_encoder.transformer.resblocks.11,V2,train,sub-08,5919,482,rsa,0.08004943281412125
clip/ViT-B/16,image_encoder.transformer.resblocks.11,V3,train,sub-08,5919,458,rsa,0.049400608986616135
clip/ViT-B/16,image_encoder.transformer.resblocks.11,V4,train,sub-08,5919,604,rsa,0.05446677654981613
clip/ViT-B/16,image_encoder.transformer.resblocks.11,V3A,train,sub-08,5919,226,rsa,0.030922986567020416
clip/ViT-B/16,image_encoder.transformer.resblocks.11,V3B,train,sub-08,5919,147,rsa,0.03523058816790581
clip/ViT-B/16,image_encoder.transformer.resblocks.11,V6,train,sub-08,5919,105,rsa,0.0236966609954834
clip/ViT-B/16,image_encoder.transformer.resblocks.11,V6A,train,sub-08,5919,84,rsa,0.03464921563863754
clip/ViT-B/16,image_encoder.transformer.resblocks.11,V7,train,sub-08,5919,78,rsa,0.029398389160633087
clip/ViT-B/16,image_encoder.transformer.resblocks.11,V8,train,sub-08,5919,112,rsa,0.044270023703575134
clip/ViT-B/16,image_encoder.transformer.resblocks.11,FFC,train,sub-08,5919,275,rsa,0.046675246208906174
clip/ViT-B/16,image_encoder.transformer.resblocks.11,PIT,train,sub-08,5919,117,rsa,0.036854904145002365
clip/ViT-B/16,image_encoder.transformer.resblocks.11,IPS1,train,sub-08,5919,219,rsa,0.021285193040966988
clip/ViT-B/16,image_encoder.transformer.resblocks.11,MST,train,sub-08,5919,140,rsa,0.04522334411740303
clip/ViT-B/16,image_encoder.transformer.resblocks.11,MT,train,sub-08,5919,99,rsa,0.035493697971105576
clip/ViT-B/16,image_encoder.transformer.resblocks.11,FST,train,sub-08,5919,149,rsa,0.05473710224032402
clip/ViT-B/16,image_encoder.transformer.resblocks.11,LO1,train,sub-08,5919,79,rsa,0.024254515767097473
clip/ViT-B/16,image_encoder.transformer.resblocks.11,LO2,train,sub-08,5919,83,rsa,0.05897757038474083
clip/ViT-B/16,image_encoder.transformer.resblocks.11,LO3,train,sub-08,5919,125,rsa,0.035548701882362366
clip/ViT-B/16,image_encoder.transformer.resblocks.11,V7,train,sub-08,5919,78,rsa,0.029398389160633087
clip/ViT-B/16,image_encoder.transformer.resblocks.11,IP0,train,sub-08,5919,151,rsa,0.02023259922862053
clip/ViT-B/16,image_encoder.transformer.resblocks.11,IP1,train,sub-08,5919,91,rsa,0.006453991401940584
clip/ViT-B/16,image_encoder.transformer.resblocks.11,MIP,train,sub-08,5919,291,rsa,0.019633589312434196
clip/ViT-B/16,image_encoder.transformer.resblocks.11,VIP,train,sub-08,5919,184,rsa,0.012204908765852451
clip/ViT-B/16,image_encoder.transformer.resblocks.11,LIPd,train,sub-08,5919,77,rsa,0.0086106201633811
clip/ViT-B/16,image_encoder.transformer.resblocks.11,LIPv,train,sub-08,5919,251,rsa,0.008992407470941544
clip/ViT-B/16,image_encoder.transformer.resblocks.11,AIP,train,sub-08,5919,387,rsa,0.00742180785164237
clip/ViT-B/16,image_encoder.transformer.resblocks.11,7Pm,train,sub-08,5919,25,rsa,0.0021601116750389338
clip/ViT-B/16,image_encoder.transformer.resblocks.11,7PL,train,sub-08,5919,91,rsa,0.01007076259702444
clip/ViT-B/16,image_encoder.transformer.resblocks.11,7PC,train,sub-08,5919,231,rsa,0.009844486601650715
clip/ViT-B/16,image_encoder.transformer.resblocks.11,7Am,train,sub-08,5919,136,rsa,0.011150036938488483
clip/ViT-B/16,image_encoder.transformer.resblocks.11,7AL,train,sub-08,5919,234,rsa,0.006622860673815012
clip/ViT-B/16,image_encoder.transformer.resblocks.11,VVC,train,sub-08,5919,199,rsa,0.027462085708975792
clip/ViT-B/16,image_encoder.transformer.resblocks.11,VMV2,train,sub-08,5919,94,rsa,0.016725294291973114
clip/ViT-B/16,image_encoder.transformer.resblocks.11,VMV3,train,sub-08,5919,107,rsa,0.018403783440589905
clip/ViT-B/16,image_encoder.transformer.resblocks.11,VMV1,train,sub-08,5919,44,rsa,0.01763841137290001
clip/ViT-B/16,image_encoder.transformer.resblocks.11,PHA2,train,sub-08,5919,13,rsa,0.003695818828418851
clip/ViT-B/16,image_encoder.transformer.resblocks.11,PHA3,train,sub-08,5919,55,rsa,0.013099021278321743
clip/ViT-B/16,image_encoder.transformer.resblocks.11,PH,train,sub-08,5919,350,rsa,0.05067798122763634
clip/ViT-B/16,image_encoder.transformer.resblocks.0,V1,test,sub-08,5919,560,rsa,0.06651926040649414
clip/ViT-B/16,image_encoder.transformer.resblocks.0,V2,test,sub-08,5919,482,rsa,-0.006718941032886505
clip/ViT-B/16,image_encoder.transformer.resblocks.0,V3,test,sub-08,5919,458,rsa,-0.032339975237846375
clip/ViT-B/16,image_encoder.transformer.resblocks.0,V4,test,sub-08,5919,604,rsa,-0.01033170148730278
clip/ViT-B/16,image_encoder.transformer.resblocks.0,V3A,test,sub-08,5919,226,rsa,0.0031025148928165436
clip/ViT-B/16,image_encoder.transformer.resblocks.0,V3B,test,sub-08,5919,147,rsa,-0.017043709754943848
clip/ViT-B/16,image_encoder.transformer.resblocks.0,V6,test,sub-08,5919,105,rsa,-0.03391299396753311
clip/ViT-B/16,image_encoder.transformer.resblocks.0,V6A,test,sub-08,5919,84,rsa,-0.0009699864313006401
clip/ViT-B/16,image_encoder.transformer.resblocks.0,V7,test,sub-08,5919,78,rsa,-0.008980854414403439
clip/ViT-B/16,image_encoder.transformer.resblocks.0,V8,test,sub-08,5919,112,rsa,0.02927558496594429
clip/ViT-B/16,image_encoder.transformer.resblocks.0,FFC,test,sub-08,5919,275,rsa,0.015137129463255405
clip/ViT-B/16,image_encoder.transformer.resblocks.0,PIT,test,sub-08,5919,117,rsa,-0.011837534606456757
clip/ViT-B/16,image_encoder.transformer.resblocks.0,IPS1,test,sub-08,5919,219,rsa,0.0029899547807872295
clip/ViT-B/16,image_encoder.transformer.resblocks.0,MST,test,sub-08,5919,140,rsa,-0.04318464919924736
clip/ViT-B/16,image_encoder.transformer.resblocks.0,MT,test,sub-08,5919,99,rsa,-0.017507510259747505
clip/ViT-B/16,image_encoder.transformer.resblocks.0,FST,test,sub-08,5919,149,rsa,-0.005053358152508736
clip/ViT-B/16,image_encoder.transformer.resblocks.0,LO1,test,sub-08,5919,79,rsa,0.015305858105421066
clip/ViT-B/16,image_encoder.transformer.resblocks.0,LO2,test,sub-08,5919,83,rsa,0.020291272550821304
clip/ViT-B/16,image_encoder.transformer.resblocks.0,LO3,test,sub-08,5919,125,rsa,0.0067800842225551605
clip/ViT-B/16,image_encoder.transformer.resblocks.0,V7,test,sub-08,5919,78,rsa,-0.008980854414403439
clip/ViT-B/16,image_encoder.transformer.resblocks.0,IP0,test,sub-08,5919,151,rsa,-0.021576575934886932
clip/ViT-B/16,image_encoder.transformer.resblocks.0,IP1,test,sub-08,5919,91,rsa,-0.012120143510401249
clip/ViT-B/16,image_encoder.transformer.resblocks.0,MIP,test,sub-08,5919,291,rsa,0.0023566167801618576
clip/ViT-B/16,image_encoder.transformer.resblocks.0,VIP,test,sub-08,5919,184,rsa,-0.0170772522687912
clip/ViT-B/16,image_encoder.transformer.resblocks.0,LIPd,test,sub-08,5919,77,rsa,-0.01865696720778942
clip/ViT-B/16,image_encoder.transformer.resblocks.0,LIPv,test,sub-08,5919,251,rsa,-0.004148293286561966
clip/ViT-B/16,image_encoder.transformer.resblocks.0,AIP,test,sub-08,5919,387,rsa,0.00256300438195467
clip/ViT-B/16,image_encoder.transformer.resblocks.0,7Pm,test,sub-08,5919,25,rsa,-0.002053208649158478
clip/ViT-B/16,image_encoder.transformer.resblocks.0,7PL,test,sub-08,5919,91,rsa,-0.025873273611068726
clip/ViT-B/16,image_encoder.transformer.resblocks.0,7PC,test,sub-08,5919,231,rsa,0.0049874018877744675
clip/ViT-B/16,image_encoder.transformer.resblocks.0,7Am,test,sub-08,5919,136,rsa,0.005503749009221792
clip/ViT-B/16,image_encoder.transformer.resblocks.0,7AL,test,sub-08,5919,234,rsa,0.014887867495417595
clip/ViT-B/16,image_encoder.transformer.resblocks.0,VVC,test,sub-08,5919,199,rsa,0.02308572828769684
clip/ViT-B/16,image_encoder.transformer.resblocks.0,VMV2,test,sub-08,5919,94,rsa,0.004607870243489742
clip/ViT-B/16,image_encoder.transformer.resblocks.0,VMV3,test,sub-08,5919,107,rsa,-0.06098386272788048
clip/ViT-B/16,image_encoder.transformer.resblocks.0,VMV1,test,sub-08,5919,44,rsa,0.032657623291015625
clip/ViT-B/16,image_encoder.transformer.resblocks.0,PHA2,test,sub-08,5919,13,rsa,-0.021132614463567734
clip/ViT-B/16,image_encoder.transformer.resblocks.0,PHA3,test,sub-08,5919,55,rsa,-0.026858843863010406
clip/ViT-B/16,image_encoder.transformer.resblocks.0,PH,test,sub-08,5919,350,rsa,-0.005846167914569378
clip/ViT-B/16,image_encoder.transformer.resblocks.1,V1,test,sub-08,5919,560,rsa,0.07510049641132355
clip/ViT-B/16,image_encoder.transformer.resblocks.1,V2,test,sub-08,5919,482,rsa,-0.014104900881648064
clip/ViT-B/16,image_encoder.transformer.resblocks.1,V3,test,sub-08,5919,458,rsa,-0.04294217750430107
clip/ViT-B/16,image_encoder.transformer.resblocks.1,V4,test,sub-08,5919,604,rsa,-0.0062224380671978
clip/ViT-B/16,image_encoder.transformer.resblocks.1,V3A,test,sub-08,5919,226,rsa,-0.004640225321054459
clip/ViT-B/16,image_encoder.transformer.resblocks.1,V3B,test,sub-08,5919,147,rsa,-0.02210763469338417
clip/ViT-B/16,image_encoder.transformer.resblocks.1,V6,test,sub-08,5919,105,rsa,-0.03567252308130264
clip/ViT-B/16,image_encoder.transformer.resblocks.1,V6A,test,sub-08,5919,84,rsa,-0.006771811284124851
clip/ViT-B/16,image_encoder.transformer.resblocks.1,V7,test,sub-08,5919,78,rsa,-0.019074277952313423
clip/ViT-B/16,image_encoder.transformer.resblocks.1,V8,test,sub-08,5919,112,rsa,0.030132796615362167
clip/ViT-B/16,image_encoder.transformer.resblocks.1,FFC,test,sub-08,5919,275,rsa,0.02300519123673439
clip/ViT-B/16,image_encoder.transformer.resblocks.1,PIT,test,sub-08,5919,117,rsa,-0.008279881440103054
clip/ViT-B/16,image_encoder.transformer.resblocks.1,IPS1,test,sub-08,5919,219,rsa,-0.006024857517331839
clip/ViT-B/16,image_encoder.transformer.resblocks.1,MST,test,sub-08,5919,140,rsa,-0.03757234662771225
clip/ViT-B/16,image_encoder.transformer.resblocks.1,MT,test,sub-08,5919,99,rsa,-0.00748521788045764
clip/ViT-B/16,image_encoder.transformer.resblocks.1,FST,test,sub-08,5919,149,rsa,0.0039909761399030685
clip/ViT-B/16,image_encoder.transformer.resblocks.1,LO1,test,sub-08,5919,79,rsa,0.014285186305642128
clip/ViT-B/16,image_encoder.transformer.resblocks.1,LO2,test,sub-08,5919,83,rsa,0.02480866201221943
clip/ViT-B/16,image_encoder.transformer.resblocks.1,LO3,test,sub-08,5919,125,rsa,0.0037718871608376503
clip/ViT-B/16,image_encoder.transformer.resblocks.1,V7,test,sub-08,5919,78,rsa,-0.019074277952313423
clip/ViT-B/16,image_encoder.transformer.resblocks.1,IP0,test,sub-08,5919,151,rsa,-0.01959284394979477
clip/ViT-B/16,image_encoder.transformer.resblocks.1,IP1,test,sub-08,5919,91,rsa,-0.01333308033645153
clip/ViT-B/16,image_encoder.transformer.resblocks.1,MIP,test,sub-08,5919,291,rsa,0.0033045345917344093
clip/ViT-B/16,image_encoder.transformer.resblocks.1,VIP,test,sub-08,5919,184,rsa,-0.014342369511723518
clip/ViT-B/16,image_encoder.transformer.resblocks.1,LIPd,test,sub-08,5919,77,rsa,-0.01912558823823929
clip/ViT-B/16,image_encoder.transformer.resblocks.1,LIPv,test,sub-08,5919,251,rsa,-0.008678214624524117
clip/ViT-B/16,image_encoder.transformer.resblocks.1,AIP,test,sub-08,5919,387,rsa,0.0028252832125872374
clip/ViT-B/16,image_encoder.transformer.resblocks.1,7Pm,test,sub-08,5919,25,rsa,-0.0015271184965968132
clip/ViT-B/16,image_encoder.transformer.resblocks.1,7PL,test,sub-08,5919,91,rsa,-0.023559536784887314
clip/ViT-B/16,image_encoder.transformer.resblocks.1,7PC,test,sub-08,5919,231,rsa,0.005319361574947834
clip/ViT-B/16,image_encoder.transformer.resblocks.1,7Am,test,sub-08,5919,136,rsa,0.006102758925408125
clip/ViT-B/16,image_encoder.transformer.resblocks.1,7AL,test,sub-08,5919,234,rsa,0.010378553532063961
clip/ViT-B/16,image_encoder.transformer.resblocks.1,VVC,test,sub-08,5919,199,rsa,0.025118980556726456
clip/ViT-B/16,image_encoder.transformer.resblocks.1,VMV2,test,sub-08,5919,94,rsa,0.00619038101285696
clip/ViT-B/16,image_encoder.transformer.resblocks.1,VMV3,test,sub-08,5919,107,rsa,-0.04873841255903244
clip/ViT-B/16,image_encoder.transformer.resblocks.1,VMV1,test,sub-08,5919,44,rsa,0.0315014123916626
clip/ViT-B/16,image_encoder.transformer.resblocks.1,PHA2,test,sub-08,5919,13,rsa,-0.019449908286333084
clip/ViT-B/16,image_encoder.transformer.resblocks.1,PHA3,test,sub-08,5919,55,rsa,-0.01754552498459816
clip/ViT-B/16,image_encoder.transformer.resblocks.1,PH,test,sub-08,5919,350,rsa,0.008517684414982796
clip/ViT-B/16,image_encoder.transformer.resblocks.2,V1,test,sub-08,5919,560,rsa,0.09236793965101242
clip/ViT-B/16,image_encoder.transformer.resblocks.2,V2,test,sub-08,5919,482,rsa,-0.0016110315918922424
clip/ViT-B/16,image_encoder.transformer.resblocks.2,V3,test,sub-08,5919,458,rsa,-0.030138716101646423
clip/ViT-B/16,image_encoder.transformer.resblocks.2,V4,test,sub-08,5919,604,rsa,0.008339198306202888
clip/ViT-B/16,image_encoder.transformer.resblocks.2,V3A,test,sub-08,5919,226,rsa,0.01210298016667366
clip/ViT-B/16,image_encoder.transformer.resblocks.2,V3B,test,sub-08,5919,147,rsa,-0.011602581478655338
clip/ViT-B/16,image_encoder.transformer.resblocks.2,V6,test,sub-08,5919,105,rsa,-0.023997172713279724
clip/ViT-B/16,image_encoder.transformer.resblocks.2,V6A,test,sub-08,5919,84,rsa,0.005524275824427605
clip/ViT-B/16,image_encoder.transformer.resblocks.2,V7,test,sub-08,5919,78,rsa,-0.008706687949597836
clip/ViT-B/16,image_encoder.transformer.resblocks.2,V8,test,sub-08,5919,112,rsa,0.047450970858335495
clip/ViT-B/16,image_encoder.transformer.resblocks.2,FFC,test,sub-08,5919,275,rsa,0.03556497395038605
clip/ViT-B/16,image_encoder.transformer.resblocks.2,PIT,test,sub-08,5919,117,rsa,-0.003077235072851181
clip/ViT-B/16,image_encoder.transformer.resblocks.2,IPS1,test,sub-08,5919,219,rsa,-0.0016876831650733948
clip/ViT-B/16,image_encoder.transformer.resblocks.2,MST,test,sub-08,5919,140,rsa,-0.0271998830139637
clip/ViT-B/16,image_encoder.transformer.resblocks.2,MT,test,sub-08,5919,99,rsa,0.007154145278036594
clip/ViT-B/16,image_encoder.transformer.resblocks.2,FST,test,sub-08,5919,149,rsa,0.017165375873446465
clip/ViT-B/16,image_encoder.transformer.resblocks.2,LO1,test,sub-08,5919,79,rsa,0.02421414852142334
clip/ViT-B/16,image_encoder.transformer.resblocks.2,LO2,test,sub-08,5919,83,rsa,0.04424409195780754
clip/ViT-B/16,image_encoder.transformer.resblocks.2,LO3,test,sub-08,5919,125,rsa,0.015741942450404167
clip/ViT-B/16,image_encoder.transformer.resblocks.2,V7,test,sub-08,5919,78,rsa,-0.008706687949597836
clip/ViT-B/16,image_encoder.transformer.resblocks.2,IP0,test,sub-08,5919,151,rsa,-0.016020219773054123
clip/ViT-B/16,image_encoder.transformer.resblocks.2,IP1,test,sub-08,5919,91,rsa,-0.009247930720448494
clip/ViT-B/16,image_encoder.transformer.resblocks.2,MIP,test,sub-08,5919,291,rsa,0.005238618701696396
clip/ViT-B/16,image_encoder.transformer.resblocks.2,VIP,test,sub-08,5919,184,rsa,-0.009956257417798042
clip/ViT-B/16,image_encoder.transformer.resblocks.2,LIPd,test,sub-08,5919,77,rsa,-0.01797686144709587
clip/ViT-B/16,image_encoder.transformer.resblocks.2,LIPv,test,sub-08,5919,251,rsa,-0.0059813931584358215
clip/ViT-B/16,image_encoder.transformer.resblocks.2,AIP,test,sub-08,5919,387,rsa,0.003596741706132889
clip/ViT-B/16,image_encoder.transformer.resblocks.2,7Pm,test,sub-08,5919,25,rsa,0.001694113714620471
clip/ViT-B/16,image_encoder.transformer.resblocks.2,7PL,test,sub-08,5919,91,rsa,-0.0267691258341074
clip/ViT-B/16,image_encoder.transformer.resblocks.2,7PC,test,sub-08,5919,231,rsa,0.012182643637061119
clip/ViT-B/16,image_encoder.transformer.resblocks.2,7Am,test,sub-08,5919,136,rsa,0.010795602574944496
clip/ViT-B/16,image_encoder.transformer.resblocks.2,7AL,test,sub-08,5919,234,rsa,0.012220527976751328
clip/ViT-B/16,image_encoder.transformer.resblocks.2,VVC,test,sub-08,5919,199,rsa,0.035261720418930054
clip/ViT-B/16,image_encoder.transformer.resblocks.2,VMV2,test,sub-08,5919,94,rsa,0.017023775726556778
clip/ViT-B/16,image_encoder.transformer.resblocks.2,VMV3,test,sub-08,5919,107,rsa,-0.039073146879673004
clip/ViT-B/16,image_encoder.transformer.resblocks.2,VMV1,test,sub-08,5919,44,rsa,0.04679619520902634
clip/ViT-B/16,image_encoder.transformer.resblocks.2,PHA2,test,sub-08,5919,13,rsa,-0.01843259111046791
clip/ViT-B/16,image_encoder.transformer.resblocks.2,PHA3,test,sub-08,5919,55,rsa,-0.01192421093583107
clip/ViT-B/16,image_encoder.transformer.resblocks.2,PH,test,sub-08,5919,350,rsa,0.023460809141397476
clip/ViT-B/16,image_encoder.transformer.resblocks.3,V1,test,sub-08,5919,560,rsa,0.10830018669366837
clip/ViT-B/16,image_encoder.transformer.resblocks.3,V2,test,sub-08,5919,482,rsa,0.008108675479888916
clip/ViT-B/16,image_encoder.transformer.resblocks.3,V3,test,sub-08,5919,458,rsa,-0.017378877848386765
clip/ViT-B/16,image_encoder.transformer.resblocks.3,V4,test,sub-08,5919,604,rsa,0.027094513177871704
clip/ViT-B/16,image_encoder.transformer.resblocks.3,V3A,test,sub-08,5919,226,rsa,0.031732719391584396
clip/ViT-B/16,image_encoder.transformer.resblocks.3,V3B,test,sub-08,5919,147,rsa,0.000764503376558423
clip/ViT-B/16,image_encoder.transformer.resblocks.3,V6,test,sub-08,5919,105,rsa,-0.015216004103422165
clip/ViT-B/16,image_encoder.transformer.resblocks.3,V6A,test,sub-08,5919,84,rsa,0.01914462447166443
clip/ViT-B/16,image_encoder.transformer.resblocks.3,V7,test,sub-08,5919,78,rsa,-0.0013926578685641289
clip/ViT-B/16,image_encoder.transformer.resblocks.3,V8,test,sub-08,5919,112,rsa,0.06456903368234634
clip/ViT-B/16,image_encoder.transformer.resblocks.3,FFC,test,sub-08,5919,275,rsa,0.05592689663171768
clip/ViT-B/16,image_encoder.transformer.resblocks.3,PIT,test,sub-08,5919,117,rsa,0.0031596701592206955
clip/ViT-B/16,image_encoder.transformer.resblocks.3,IPS1,test,sub-08,5919,219,rsa,0.00553558673709631
clip/ViT-B/16,image_encoder.transformer.resblocks.3,MST,test,sub-08,5919,140,rsa,-0.012634473852813244
clip/ViT-B/16,image_encoder.transformer.resblocks.3,MT,test,sub-08,5919,99,rsa,0.025794045999646187
clip/ViT-B/16,image_encoder.transformer.resblocks.3,FST,test,sub-08,5919,149,rsa,0.03554334491491318
clip/ViT-B/16,image_encoder.transformer.resblocks.3,LO1,test,sub-08,5919,79,rsa,0.034096505492925644
clip/ViT-B/16,image_encoder.transformer.resblocks.3,LO2,test,sub-08,5919,83,rsa,0.06817811727523804
clip/ViT-B/16,image_encoder.transformer.resblocks.3,LO3,test,sub-08,5919,125,rsa,0.030196093022823334
clip/ViT-B/16,image_encoder.transformer.resblocks.3,V7,test,sub-08,5919,78,rsa,-0.0013926578685641289
clip/ViT-B/16,image_encoder.transformer.resblocks.3,IP0,test,sub-08,5919,151,rsa,-0.008767709136009216
clip/ViT-B/16,image_encoder.transformer.resblocks.3,IP1,test,sub-08,5919,91,rsa,-0.0027765550184994936
clip/ViT-B/16,image_encoder.transformer.resblocks.3,MIP,test,sub-08,5919,291,rsa,0.009953256696462631
clip/ViT-B/16,image_encoder.transformer.resblocks.3,VIP,test,sub-08,5919,184,rsa,-0.006302270572632551
clip/ViT-B/16,image_encoder.transformer.resblocks.3,LIPd,test,sub-08,5919,77,rsa,-0.01266153622418642
clip/ViT-B/16,image_encoder.transformer.resblocks.3,LIPv,test,sub-08,5919,251,rsa,-0.0045911408960819244
clip/ViT-B/16,image_encoder.transformer.resblocks.3,AIP,test,sub-08,5919,387,rsa,0.004713467787951231
clip/ViT-B/16,image_encoder.transformer.resblocks.3,7Pm,test,sub-08,5919,25,rsa,0.00804184377193451
clip/ViT-B/16,image_encoder.transformer.resblocks.3,7PL,test,sub-08,5919,91,rsa,-0.02450338378548622
clip/ViT-B/16,image_encoder.transformer.resblocks.3,7PC,test,sub-08,5919,231,rsa,0.016449928283691406
clip/ViT-B/16,image_encoder.transformer.resblocks.3,7Am,test,sub-08,5919,136,rsa,0.013969301246106625
clip/ViT-B/16,image_encoder.transformer.resblocks.3,7AL,test,sub-08,5919,234,rsa,0.01477445475757122
clip/ViT-B/16,image_encoder.transformer.resblocks.3,VVC,test,sub-08,5919,199,rsa,0.04898293316364288
clip/ViT-B/16,image_encoder.transformer.resblocks.3,VMV2,test,sub-08,5919,94,rsa,0.025235973298549652
clip/ViT-B/16,image_encoder.transformer.resblocks.3,VMV3,test,sub-08,5919,107,rsa,-0.025470305234193802
clip/ViT-B/16,image_encoder.transformer.resblocks.3,VMV1,test,sub-08,5919,44,rsa,0.06198976933956146
clip/ViT-B/16,image_encoder.transformer.resblocks.3,PHA2,test,sub-08,5919,13,rsa,-0.01441887579858303
clip/ViT-B/16,image_encoder.transformer.resblocks.3,PHA3,test,sub-08,5919,55,rsa,-0.0024854233488440514
clip/ViT-B/16,image_encoder.transformer.resblocks.3,PH,test,sub-08,5919,350,rsa,0.04319010302424431
clip/ViT-B/16,image_encoder.transformer.resblocks.4,V1,test,sub-08,5919,560,rsa,0.11642426252365112
clip/ViT-B/16,image_encoder.transformer.resblocks.4,V2,test,sub-08,5919,482,rsa,0.02026248723268509
clip/ViT-B/16,image_encoder.transformer.resblocks.4,V3,test,sub-08,5919,458,rsa,-0.0005445145070552826
clip/ViT-B/16,image_encoder.transformer.resblocks.4,V4,test,sub-08,5919,604,rsa,0.04243691638112068
clip/ViT-B/16,image_encoder.transformer.resblocks.4,V3A,test,sub-08,5919,226,rsa,0.04397612810134888
clip/ViT-B/16,image_encoder.transformer.resblocks.4,V3B,test,sub-08,5919,147,rsa,0.01746426895260811
clip/ViT-B/16,image_encoder.transformer.resblocks.4,V6,test,sub-08,5919,105,rsa,-0.00880740862339735
clip/ViT-B/16,image_encoder.transformer.resblocks.4,V6A,test,sub-08,5919,84,rsa,0.03136983513832092
clip/ViT-B/16,image_encoder.transformer.resblocks.4,V7,test,sub-08,5919,78,rsa,0.007734291255474091
clip/ViT-B/16,image_encoder.transformer.resblocks.4,V8,test,sub-08,5919,112,rsa,0.07954607903957367
clip/ViT-B/16,image_encoder.transformer.resblocks.4,FFC,test,sub-08,5919,275,rsa,0.07771817594766617
clip/ViT-B/16,image_encoder.transformer.resblocks.4,PIT,test,sub-08,5919,117,rsa,0.010384266264736652
clip/ViT-B/16,image_encoder.transformer.resblocks.4,IPS1,test,sub-08,5919,219,rsa,0.015212022699415684
clip/ViT-B/16,image_encoder.transformer.resblocks.4,MST,test,sub-08,5919,140,rsa,-0.0035305246710777283
clip/ViT-B/16,image_encoder.transformer.resblocks.4,MT,test,sub-08,5919,99,rsa,0.03834857791662216
clip/ViT-B/16,image_encoder.transformer.resblocks.4,FST,test,sub-08,5919,149,rsa,0.05463467910885811
clip/ViT-B/16,image_encoder.transformer.resblocks.4,LO1,test,sub-08,5919,79,rsa,0.04900464788079262
clip/ViT-B/16,image_encoder.transformer.resblocks.4,LO2,test,sub-08,5919,83,rsa,0.10033202916383743
clip/ViT-B/16,image_encoder.transformer.resblocks.4,LO3,test,sub-08,5919,125,rsa,0.03703051060438156
clip/ViT-B/16,image_encoder.transformer.resblocks.4,V7,test,sub-08,5919,78,rsa,0.007734291255474091
clip/ViT-B/16,image_encoder.transformer.resblocks.4,IP0,test,sub-08,5919,151,rsa,-0.005704186856746674
clip/ViT-B/16,image_encoder.transformer.resblocks.4,IP1,test,sub-08,5919,91,rsa,0.0006238336209207773
clip/ViT-B/16,image_encoder.transformer.resblocks.4,MIP,test,sub-08,5919,291,rsa,0.01536001730710268
clip/ViT-B/16,image_encoder.transformer.resblocks.4,VIP,test,sub-08,5919,184,rsa,0.0008372839074581861
clip/ViT-B/16,image_encoder.transformer.resblocks.4,LIPd,test,sub-08,5919,77,rsa,-0.01120726391673088
clip/ViT-B/16,image_encoder.transformer.resblocks.4,LIPv,test,sub-08,5919,251,rsa,0.0022364631295204163
clip/ViT-B/16,image_encoder.transformer.resblocks.4,AIP,test,sub-08,5919,387,rsa,0.012061050161719322
clip/ViT-B/16,image_encoder.transformer.resblocks.4,7Pm,test,sub-08,5919,25,rsa,0.012287672609090805
clip/ViT-B/16,image_encoder.transformer.resblocks.4,7PL,test,sub-08,5919,91,rsa,-0.021549442782998085
clip/ViT-B/16,image_encoder.transformer.resblocks.4,7PC,test,sub-08,5919,231,rsa,0.019608432427048683
clip/ViT-B/16,image_encoder.transformer.resblocks.4,7Am,test,sub-08,5919,136,rsa,0.018911797553300858
clip/ViT-B/16,image_encoder.transformer.resblocks.4,7AL,test,sub-08,5919,234,rsa,0.019360648468136787
clip/ViT-B/16,image_encoder.transformer.resblocks.4,VVC,test,sub-08,5919,199,rsa,0.05899713188409805
clip/ViT-B/16,image_encoder.transformer.resblocks.4,VMV2,test,sub-08,5919,94,rsa,0.035576432943344116
clip/ViT-B/16,image_encoder.transformer.resblocks.4,VMV3,test,sub-08,5919,107,rsa,-0.025671176612377167
clip/ViT-B/16,image_encoder.transformer.resblocks.4,VMV1,test,sub-08,5919,44,rsa,0.07167759537696838
clip/ViT-B/16,image_encoder.transformer.resblocks.4,PHA2,test,sub-08,5919,13,rsa,-0.0179305300116539
clip/ViT-B/16,image_encoder.transformer.resblocks.4,PHA3,test,sub-08,5919,55,rsa,0.0028090663254261017
clip/ViT-B/16,image_encoder.transformer.resblocks.4,PH,test,sub-08,5919,350,rsa,0.058865584433078766
clip/ViT-B/16,image_encoder.transformer.resblocks.5,V1,test,sub-08,5919,560,rsa,0.13281801342964172
clip/ViT-B/16,image_encoder.transformer.resblocks.5,V2,test,sub-08,5919,482,rsa,0.049442410469055176
clip/ViT-B/16,image_encoder.transformer.resblocks.5,V3,test,sub-08,5919,458,rsa,0.034393660724163055
clip/ViT-B/16,image_encoder.transformer.resblocks.5,V4,test,sub-08,5919,604,rsa,0.07515415549278259
clip/ViT-B/16,image_encoder.transformer.resblocks.5,V3A,test,sub-08,5919,226,rsa,0.06256009638309479
clip/ViT-B/16,image_encoder.transformer.resblocks.5,V3B,test,sub-08,5919,147,rsa,0.0398101881146431
clip/ViT-B/16,image_encoder.transformer.resblocks.5,V6,test,sub-08,5919,105,rsa,0.011055191978812218
clip/ViT-B/16,image_encoder.transformer.resblocks.5,V6A,test,sub-08,5919,84,rsa,0.04556821286678314
clip/ViT-B/16,image_encoder.transformer.resblocks.5,V7,test,sub-08,5919,78,rsa,0.012289321050047874
clip/ViT-B/16,image_encoder.transformer.resblocks.5,V8,test,sub-08,5919,112,rsa,0.0932302474975586
clip/ViT-B/16,image_encoder.transformer.resblocks.5,FFC,test,sub-08,5919,275,rsa,0.09164083003997803
clip/ViT-B/16,image_encoder.transformer.resblocks.5,PIT,test,sub-08,5919,117,rsa,0.020989660173654556
clip/ViT-B/16,image_encoder.transformer.resblocks.5,IPS1,test,sub-08,5919,219,rsa,0.028948690742254257
clip/ViT-B/16,image_encoder.transformer.resblocks.5,MST,test,sub-08,5919,140,rsa,0.009675057604908943
clip/ViT-B/16,image_encoder.transformer.resblocks.5,MT,test,sub-08,5919,99,rsa,0.05460676550865173
clip/ViT-B/16,image_encoder.transformer.resblocks.5,FST,test,sub-08,5919,149,rsa,0.06396379321813583
clip/ViT-B/16,image_encoder.transformer.resblocks.5,LO1,test,sub-08,5919,79,rsa,0.05551264435052872
clip/ViT-B/16,image_encoder.transformer.resblocks.5,LO2,test,sub-08,5919,83,rsa,0.12806114554405212
clip/ViT-B/16,image_encoder.transformer.resblocks.5,LO3,test,sub-08,5919,125,rsa,0.050689540803432465
clip/ViT-B/16,image_encoder.transformer.resblocks.5,V7,test,sub-08,5919,78,rsa,0.012289321050047874
clip/ViT-B/16,image_encoder.transformer.resblocks.5,IP0,test,sub-08,5919,151,rsa,0.004720920696854591
clip/ViT-B/16,image_encoder.transformer.resblocks.5,IP1,test,sub-08,5919,91,rsa,0.00026003411039710045
clip/ViT-B/16,image_encoder.transformer.resblocks.5,MIP,test,sub-08,5919,291,rsa,0.02306806482374668
clip/ViT-B/16,image_encoder.transformer.resblocks.5,VIP,test,sub-08,5919,184,rsa,0.014983326196670532
clip/ViT-B/16,image_encoder.transformer.resblocks.5,LIPd,test,sub-08,5919,77,rsa,-0.009714869782328606
clip/ViT-B/16,image_encoder.transformer.resblocks.5,LIPv,test,sub-08,5919,251,rsa,0.015194940380752087
clip/ViT-B/16,image_encoder.transformer.resblocks.5,AIP,test,sub-08,5919,387,rsa,0.01261184737086296
clip/ViT-B/16,image_encoder.transformer.resblocks.5,7Pm,test,sub-08,5919,25,rsa,0.01592733897268772
clip/ViT-B/16,image_encoder.transformer.resblocks.5,7PL,test,sub-08,5919,91,rsa,-0.015866968780755997
clip/ViT-B/16,image_encoder.transformer.resblocks.5,7PC,test,sub-08,5919,231,rsa,0.020605161786079407
clip/ViT-B/16,image_encoder.transformer.resblocks.5,7Am,test,sub-08,5919,136,rsa,0.02433895692229271
clip/ViT-B/16,image_encoder.transformer.resblocks.5,7AL,test,sub-08,5919,234,rsa,0.025269391015172005
clip/ViT-B/16,image_encoder.transformer.resblocks.5,VVC,test,sub-08,5919,199,rsa,0.07079563289880753
clip/ViT-B/16,image_encoder.transformer.resblocks.5,VMV2,test,sub-08,5919,94,rsa,0.039654530584812164
clip/ViT-B/16,image_encoder.transformer.resblocks.5,VMV3,test,sub-08,5919,107,rsa,-0.018485581502318382
clip/ViT-B/16,image_encoder.transformer.resblocks.5,VMV1,test,sub-08,5919,44,rsa,0.07306377589702606
clip/ViT-B/16,image_encoder.transformer.resblocks.5,PHA2,test,sub-08,5919,13,rsa,-0.01810317113995552
clip/ViT-B/16,image_encoder.transformer.resblocks.5,PHA3,test,sub-08,5919,55,rsa,0.006863323040306568
clip/ViT-B/16,image_encoder.transformer.resblocks.5,PH,test,sub-08,5919,350,rsa,0.07162313908338547
clip/ViT-B/16,image_encoder.transformer.resblocks.6,V1,test,sub-08,5919,560,rsa,0.10434634983539581
clip/ViT-B/16,image_encoder.transformer.resblocks.6,V2,test,sub-08,5919,482,rsa,0.050865620374679565
clip/ViT-B/16,image_encoder.transformer.resblocks.6,V3,test,sub-08,5919,458,rsa,0.03656685724854469
clip/ViT-B/16,image_encoder.transformer.resblocks.6,V4,test,sub-08,5919,604,rsa,0.046993814408779144
clip/ViT-B/16,image_encoder.transformer.resblocks.6,V3A,test,sub-08,5919,226,rsa,0.03988005593419075
clip/ViT-B/16,image_encoder.transformer.resblocks.6,V3B,test,sub-08,5919,147,rsa,0.022434769198298454
clip/ViT-B/16,image_encoder.transformer.resblocks.6,V6,test,sub-08,5919,105,rsa,0.010704955086112022
clip/ViT-B/16,image_encoder.transformer.resblocks.6,V6A,test,sub-08,5919,84,rsa,0.016574671491980553
clip/ViT-B/16,image_encoder.transformer.resblocks.6,V7,test,sub-08,5919,78,rsa,0.002210198901593685
clip/ViT-B/16,image_encoder.transformer.resblocks.6,V8,test,sub-08,5919,112,rsa,0.04980181157588959
clip/ViT-B/16,image_encoder.transformer.resblocks.6,FFC,test,sub-08,5919,275,rsa,0.03975144028663635
clip/ViT-B/16,image_encoder.transformer.resblocks.6,PIT,test,sub-08,5919,117,rsa,0.017961939796805382
clip/ViT-B/16,image_encoder.transformer.resblocks.6,IPS1,test,sub-08,5919,219,rsa,0.021100740879774094
clip/ViT-B/16,image_encoder.transformer.resblocks.6,MST,test,sub-08,5919,140,rsa,-0.018464814871549606
clip/ViT-B/16,image_encoder.transformer.resblocks.6,MT,test,sub-08,5919,99,rsa,0.0184224434196949
clip/ViT-B/16,image_encoder.transformer.resblocks.6,FST,test,sub-08,5919,149,rsa,0.012071982026100159
clip/ViT-B/16,image_encoder.transformer.resblocks.6,LO1,test,sub-08,5919,79,rsa,0.032745055854320526
clip/ViT-B/16,image_encoder.transformer.resblocks.6,LO2,test,sub-08,5919,83,rsa,0.08354057371616364
clip/ViT-B/16,image_encoder.transformer.resblocks.6,LO3,test,sub-08,5919,125,rsa,0.025386525318026543
clip/ViT-B/16,image_encoder.transformer.resblocks.6,V7,test,sub-08,5919,78,rsa,0.002210198901593685
clip/ViT-B/16,image_encoder.transformer.resblocks.6,IP0,test,sub-08,5919,151,rsa,-0.009367410093545914
clip/ViT-B/16,image_encoder.transformer.resblocks.6,IP1,test,sub-08,5919,91,rsa,-0.007885467261075974
clip/ViT-B/16,image_encoder.transformer.resblocks.6,MIP,test,sub-08,5919,291,rsa,0.009024923667311668
clip/ViT-B/16,image_encoder.transformer.resblocks.6,VIP,test,sub-08,5919,184,rsa,0.004437930416315794
clip/ViT-B/16,image_encoder.transformer.resblocks.6,LIPd,test,sub-08,5919,77,rsa,-0.01721354015171528
clip/ViT-B/16,image_encoder.transformer.resblocks.6,LIPv,test,sub-08,5919,251,rsa,0.020371561869978905
clip/ViT-B/16,image_encoder.transformer.resblocks.6,AIP,test,sub-08,5919,387,rsa,0.005754554178565741
clip/ViT-B/16,image_encoder.transformer.resblocks.6,7Pm,test,sub-08,5919,25,rsa,0.009846197441220284
clip/ViT-B/16,image_encoder.transformer.resblocks.6,7PL,test,sub-08,5919,91,rsa,-0.008435158059000969
clip/ViT-B/16,image_encoder.transformer.resblocks.6,7PC,test,sub-08,5919,231,rsa,0.007332282140851021
clip/ViT-B/16,image_encoder.transformer.resblocks.6,7Am,test,sub-08,5919,136,rsa,0.014470966532826424
clip/ViT-B/16,image_encoder.transformer.resblocks.6,7AL,test,sub-08,5919,234,rsa,0.015491900034248829
clip/ViT-B/16,image_encoder.transformer.resblocks.6,VVC,test,sub-08,5919,199,rsa,0.033046916127204895
clip/ViT-B/16,image_encoder.transformer.resblocks.6,VMV2,test,sub-08,5919,94,rsa,0.01790011115372181
clip/ViT-B/16,image_encoder.transformer.resblocks.6,VMV3,test,sub-08,5919,107,rsa,-0.0362105518579483
clip/ViT-B/16,image_encoder.transformer.resblocks.6,VMV1,test,sub-08,5919,44,rsa,0.034966111183166504
clip/ViT-B/16,image_encoder.transformer.resblocks.6,PHA2,test,sub-08,5919,13,rsa,-0.023306723684072495
clip/ViT-B/16,image_encoder.transformer.resblocks.6,PHA3,test,sub-08,5919,55,rsa,-0.010479883290827274
clip/ViT-B/16,image_encoder.transformer.resblocks.6,PH,test,sub-08,5919,350,rsa,0.023935304954648018
clip/ViT-B/16,image_encoder.transformer.resblocks.7,V1,test,sub-08,5919,560,rsa,0.10280752927064896
clip/ViT-B/16,image_encoder.transformer.resblocks.7,V2,test,sub-08,5919,482,rsa,0.05981694906949997
clip/ViT-B/16,image_encoder.transformer.resblocks.7,V3,test,sub-08,5919,458,rsa,0.04448322951793671
clip/ViT-B/16,image_encoder.transformer.resblocks.7,V4,test,sub-08,5919,604,rsa,0.036454249173402786
clip/ViT-B/16,image_encoder.transformer.resblocks.7,V3A,test,sub-08,5919,226,rsa,0.03131738677620888
clip/ViT-B/16,image_encoder.transformer.resblocks.7,V3B,test,sub-08,5919,147,rsa,0.014454339630901814
clip/ViT-B/16,image_encoder.transformer.resblocks.7,V6,test,sub-08,5919,105,rsa,0.011689509265124798
clip/ViT-B/16,image_encoder.transformer.resblocks.7,V6A,test,sub-08,5919,84,rsa,0.002840678207576275
clip/ViT-B/16,image_encoder.transformer.resblocks.7,V7,test,sub-08,5919,78,rsa,0.006876980885863304
clip/ViT-B/16,image_encoder.transformer.resblocks.7,V8,test,sub-08,5919,112,rsa,0.0348416231572628
clip/ViT-B/16,image_encoder.transformer.resblocks.7,FFC,test,sub-08,5919,275,rsa,0.015909673646092415
clip/ViT-B/16,image_encoder.transformer.resblocks.7,PIT,test,sub-08,5919,117,rsa,0.016429271548986435
clip/ViT-B/16,image_encoder.transformer.resblocks.7,IPS1,test,sub-08,5919,219,rsa,0.01352459006011486
clip/ViT-B/16,image_encoder.transformer.resblocks.7,MST,test,sub-08,5919,140,rsa,-0.024556607007980347
clip/ViT-B/16,image_encoder.transformer.resblocks.7,MT,test,sub-08,5919,99,rsa,0.0010155392810702324
clip/ViT-B/16,image_encoder.transformer.resblocks.7,FST,test,sub-08,5919,149,rsa,-0.010796749033033848
clip/ViT-B/16,image_encoder.transformer.resblocks.7,LO1,test,sub-08,5919,79,rsa,0.024164114147424698
clip/ViT-B/16,image_encoder.transformer.resblocks.7,LO2,test,sub-08,5919,83,rsa,0.055337175726890564
clip/ViT-B/16,image_encoder.transformer.resblocks.7,LO3,test,sub-08,5919,125,rsa,0.016865305602550507
clip/ViT-B/16,image_encoder.transformer.resblocks.7,V7,test,sub-08,5919,78,rsa,0.006876980885863304
clip/ViT-B/16,image_encoder.transformer.resblocks.7,IP0,test,sub-08,5919,151,rsa,-0.018227657303214073
clip/ViT-B/16,image_encoder.transformer.resblocks.7,IP1,test,sub-08,5919,91,rsa,-0.013592824339866638
clip/ViT-B/16,image_encoder.transformer.resblocks.7,MIP,test,sub-08,5919,291,rsa,-0.0013578720390796661
clip/ViT-B/16,image_encoder.transformer.resblocks.7,VIP,test,sub-08,5919,184,rsa,-0.0041417693719267845
clip/ViT-B/16,image_encoder.transformer.resblocks.7,LIPd,test,sub-08,5919,77,rsa,-0.020695600658655167
clip/ViT-B/16,image_encoder.transformer.resblocks.7,LIPv,test,sub-08,5919,251,rsa,0.014192919246852398
clip/ViT-B/16,image_encoder.transformer.resblocks.7,AIP,test,sub-08,5919,387,rsa,-0.001228358130902052
clip/ViT-B/16,image_encoder.transformer.resblocks.7,7Pm,test,sub-08,5919,25,rsa,0.0037866411730647087
clip/ViT-B/16,image_encoder.transformer.resblocks.7,7PL,test,sub-08,5919,91,rsa,-0.008107532747089863
clip/ViT-B/16,image_encoder.transformer.resblocks.7,7PC,test,sub-08,5919,231,rsa,-0.007304871454834938
clip/ViT-B/16,image_encoder.transformer.resblocks.7,7Am,test,sub-08,5919,136,rsa,0.004685269668698311
clip/ViT-B/16,image_encoder.transformer.resblocks.7,7AL,test,sub-08,5919,234,rsa,0.0073403725400567055
clip/ViT-B/16,image_encoder.transformer.resblocks.7,VVC,test,sub-08,5919,199,rsa,0.015968749299645424
clip/ViT-B/16,image_encoder.transformer.resblocks.7,VMV2,test,sub-08,5919,94,rsa,0.009509162977337837
clip/ViT-B/16,image_encoder.transformer.resblocks.7,VMV3,test,sub-08,5919,107,rsa,-0.0510132871568203
clip/ViT-B/16,image_encoder.transformer.resblocks.7,VMV1,test,sub-08,5919,44,rsa,0.022914418950676918
clip/ViT-B/16,image_encoder.transformer.resblocks.7,PHA2,test,sub-08,5919,13,rsa,-0.021150626242160797
clip/ViT-B/16,image_encoder.transformer.resblocks.7,PHA3,test,sub-08,5919,55,rsa,-0.01322256587445736
clip/ViT-B/16,image_encoder.transformer.resblocks.7,PH,test,sub-08,5919,350,rsa,0.0007576285861432552
clip/ViT-B/16,image_encoder.transformer.resblocks.8,V1,test,sub-08,5919,560,rsa,0.10087708383798599
clip/ViT-B/16,image_encoder.transformer.resblocks.8,V2,test,sub-08,5919,482,rsa,0.05873406305909157
clip/ViT-B/16,image_encoder.transformer.resblocks.8,V3,test,sub-08,5919,458,rsa,0.04504547268152237
clip/ViT-B/16,image_encoder.transformer.resblocks.8,V4,test,sub-08,5919,604,rsa,0.04175760969519615
clip/ViT-B/16,image_encoder.transformer.resblocks.8,V3A,test,sub-08,5919,226,rsa,0.032531045377254486
clip/ViT-B/16,image_encoder.transformer.resblocks.8,V3B,test,sub-08,5919,147,rsa,0.016413282603025436
clip/ViT-B/16,image_encoder.transformer.resblocks.8,V6,test,sub-08,5919,105,rsa,0.011610643938183784
clip/ViT-B/16,image_encoder.transformer.resblocks.8,V6A,test,sub-08,5919,84,rsa,0.005668784026056528
clip/ViT-B/16,image_encoder.transformer.resblocks.8,V7,test,sub-08,5919,78,rsa,0.007924482226371765
clip/ViT-B/16,image_encoder.transformer.resblocks.8,V8,test,sub-08,5919,112,rsa,0.03906890004873276
clip/ViT-B/16,image_encoder.transformer.resblocks.8,FFC,test,sub-08,5919,275,rsa,0.02284078299999237
clip/ViT-B/16,image_encoder.transformer.resblocks.8,PIT,test,sub-08,5919,117,rsa,0.018383346498012543
clip/ViT-B/16,image_encoder.transformer.resblocks.8,IPS1,test,sub-08,5919,219,rsa,0.015084260143339634
clip/ViT-B/16,image_encoder.transformer.resblocks.8,MST,test,sub-08,5919,140,rsa,-0.021029457449913025
clip/ViT-B/16,image_encoder.transformer.resblocks.8,MT,test,sub-08,5919,99,rsa,0.0061074309051036835
clip/ViT-B/16,image_encoder.transformer.resblocks.8,FST,test,sub-08,5919,149,rsa,-0.0029800916090607643
clip/ViT-B/16,image_encoder.transformer.resblocks.8,LO1,test,sub-08,5919,79,rsa,0.027047540992498398
clip/ViT-B/16,image_encoder.transformer.resblocks.8,LO2,test,sub-08,5919,83,rsa,0.058966778218746185
clip/ViT-B/16,image_encoder.transformer.resblocks.8,LO3,test,sub-08,5919,125,rsa,0.02083112858235836
clip/ViT-B/16,image_encoder.transformer.resblocks.8,V7,test,sub-08,5919,78,rsa,0.007924482226371765
clip/ViT-B/16,image_encoder.transformer.resblocks.8,IP0,test,sub-08,5919,151,rsa,-0.016689840704202652
clip/ViT-B/16,image_encoder.transformer.resblocks.8,IP1,test,sub-08,5919,91,rsa,-0.012922022491693497
clip/ViT-B/16,image_encoder.transformer.resblocks.8,MIP,test,sub-08,5919,291,rsa,1.0212883353233337e-05
clip/ViT-B/16,image_encoder.transformer.resblocks.8,VIP,test,sub-08,5919,184,rsa,-0.0015246127732098103
clip/ViT-B/16,image_encoder.transformer.resblocks.8,LIPd,test,sub-08,5919,77,rsa,-0.020841551944613457
clip/ViT-B/16,image_encoder.transformer.resblocks.8,LIPv,test,sub-08,5919,251,rsa,0.014480591751635075
clip/ViT-B/16,image_encoder.transformer.resblocks.8,AIP,test,sub-08,5919,387,rsa,6.360514089465141e-05
clip/ViT-B/16,image_encoder.transformer.resblocks.8,7Pm,test,sub-08,5919,25,rsa,0.005235855467617512
clip/ViT-B/16,image_encoder.transformer.resblocks.8,7PL,test,sub-08,5919,91,rsa,-0.007716835476458073
clip/ViT-B/16,image_encoder.transformer.resblocks.8,7PC,test,sub-08,5919,231,rsa,-0.005810150410979986
clip/ViT-B/16,image_encoder.transformer.resblocks.8,7Am,test,sub-08,5919,136,rsa,0.006102454848587513
clip/ViT-B/16,image_encoder.transformer.resblocks.8,7AL,test,sub-08,5919,234,rsa,0.008132150396704674
clip/ViT-B/16,image_encoder.transformer.resblocks.8,VVC,test,sub-08,5919,199,rsa,0.020598838105797768
clip/ViT-B/16,image_encoder.transformer.resblocks.8,VMV2,test,sub-08,5919,94,rsa,0.014960489235818386
clip/ViT-B/16,image_encoder.transformer.resblocks.8,VMV3,test,sub-08,5919,107,rsa,-0.0468614287674427
clip/ViT-B/16,image_encoder.transformer.resblocks.8,VMV1,test,sub-08,5919,44,rsa,0.023033056408166885
clip/ViT-B/16,image_encoder.transformer.resblocks.8,PHA2,test,sub-08,5919,13,rsa,-0.022686582058668137
clip/ViT-B/16,image_encoder.transformer.resblocks.8,PHA3,test,sub-08,5919,55,rsa,-0.01090517919510603
clip/ViT-B/16,image_encoder.transformer.resblocks.8,PH,test,sub-08,5919,350,rsa,0.006578674539923668
clip/ViT-B/16,image_encoder.transformer.resblocks.9,V1,test,sub-08,5919,560,rsa,0.10202788561582565
clip/ViT-B/16,image_encoder.transformer.resblocks.9,V2,test,sub-08,5919,482,rsa,0.05382399633526802
clip/ViT-B/16,image_encoder.transformer.resblocks.9,V3,test,sub-08,5919,458,rsa,0.03952519968152046
clip/ViT-B/16,image_encoder.transformer.resblocks.9,V4,test,sub-08,5919,604,rsa,0.047602344304323196
clip/ViT-B/16,image_encoder.transformer.resblocks.9,V3A,test,sub-08,5919,226,rsa,0.03009870834648609
clip/ViT-B/16,image_encoder.transformer.resblocks.9,V3B,test,sub-08,5919,147,rsa,0.016778480261564255
clip/ViT-B/16,image_encoder.transformer.resblocks.9,V6,test,sub-08,5919,105,rsa,0.004703371785581112
clip/ViT-B/16,image_encoder.transformer.resblocks.9,V6A,test,sub-08,5919,84,rsa,0.007383330259472132
clip/ViT-B/16,image_encoder.transformer.resblocks.9,V7,test,sub-08,5919,78,rsa,0.00788835994899273
clip/ViT-B/16,image_encoder.transformer.resblocks.9,V8,test,sub-08,5919,112,rsa,0.04644917696714401
clip/ViT-B/16,image_encoder.transformer.resblocks.9,FFC,test,sub-08,5919,275,rsa,0.03475135937333107
clip/ViT-B/16,image_encoder.transformer.resblocks.9,PIT,test,sub-08,5919,117,rsa,0.016146544367074966
clip/ViT-B/16,image_encoder.transformer.resblocks.9,IPS1,test,sub-08,5919,219,rsa,0.01533643901348114
clip/ViT-B/16,image_encoder.transformer.resblocks.9,MST,test,sub-08,5919,140,rsa,-0.021507611498236656
clip/ViT-B/16,image_encoder.transformer.resblocks.9,MT,test,sub-08,5919,99,rsa,0.009213135577738285
clip/ViT-B/16,image_encoder.transformer.resblocks.9,FST,test,sub-08,5919,149,rsa,0.005413014441728592
clip/ViT-B/16,image_encoder.transformer.resblocks.9,LO1,test,sub-08,5919,79,rsa,0.030974319204688072
clip/ViT-B/16,image_encoder.transformer.resblocks.9,LO2,test,sub-08,5919,83,rsa,0.06602868437767029
clip/ViT-B/16,image_encoder.transformer.resblocks.9,LO3,test,sub-08,5919,125,rsa,0.021748758852481842
clip/ViT-B/16,image_encoder.transformer.resblocks.9,V7,test,sub-08,5919,78,rsa,0.00788835994899273
clip/ViT-B/16,image_encoder.transformer.resblocks.9,IP0,test,sub-08,5919,151,rsa,-0.01489261258393526
clip/ViT-B/16,image_encoder.transformer.resblocks.9,IP1,test,sub-08,5919,91,rsa,-0.009636569768190384
clip/ViT-B/16,image_encoder.transformer.resblocks.9,MIP,test,sub-08,5919,291,rsa,0.006307240575551987
clip/ViT-B/16,image_encoder.transformer.resblocks.9,VIP,test,sub-08,5919,184,rsa,0.0013148323632776737
clip/ViT-B/16,image_encoder.transformer.resblocks.9,LIPd,test,sub-08,5919,77,rsa,-0.020871354267001152
clip/ViT-B/16,image_encoder.transformer.resblocks.9,LIPv,test,sub-08,5919,251,rsa,0.013590777292847633
clip/ViT-B/16,image_encoder.transformer.resblocks.9,AIP,test,sub-08,5919,387,rsa,0.00073867361061275
clip/ViT-B/16,image_encoder.transformer.resblocks.9,7Pm,test,sub-08,5919,25,rsa,0.007952787913382053
clip/ViT-B/16,image_encoder.transformer.resblocks.9,7PL,test,sub-08,5919,91,rsa,-0.00859191082417965
clip/ViT-B/16,image_encoder.transformer.resblocks.9,7PC,test,sub-08,5919,231,rsa,-0.0015928338980302215
clip/ViT-B/16,image_encoder.transformer.resblocks.9,7Am,test,sub-08,5919,136,rsa,0.006794589571654797
clip/ViT-B/16,image_encoder.transformer.resblocks.9,7AL,test,sub-08,5919,234,rsa,0.008661815896630287
clip/ViT-B/16,image_encoder.transformer.resblocks.9,VVC,test,sub-08,5919,199,rsa,0.02689405158162117
clip/ViT-B/16,image_encoder.transformer.resblocks.9,VMV2,test,sub-08,5919,94,rsa,0.0161593034863472
clip/ViT-B/16,image_encoder.transformer.resblocks.9,VMV3,test,sub-08,5919,107,rsa,-0.046026334166526794
clip/ViT-B/16,image_encoder.transformer.resblocks.9,VMV1,test,sub-08,5919,44,rsa,0.02637302875518799
clip/ViT-B/16,image_encoder.transformer.resblocks.9,PHA2,test,sub-08,5919,13,rsa,-0.026303641498088837
clip/ViT-B/16,image_encoder.transformer.resblocks.9,PHA3,test,sub-08,5919,55,rsa,-0.008279495872557163
clip/ViT-B/16,image_encoder.transformer.resblocks.9,PH,test,sub-08,5919,350,rsa,0.017111077904701233
clip/ViT-B/16,image_encoder.transformer.resblocks.10,V1,test,sub-08,5919,560,rsa,0.10315263271331787
clip/ViT-B/16,image_encoder.transformer.resblocks.10,V2,test,sub-08,5919,482,rsa,0.05178117752075195
clip/ViT-B/16,image_encoder.transformer.resblocks.10,V3,test,sub-08,5919,458,rsa,0.036730434745550156
clip/ViT-B/16,image_encoder.transformer.resblocks.10,V4,test,sub-08,5919,604,rsa,0.04859350621700287
clip/ViT-B/16,image_encoder.transformer.resblocks.10,V3A,test,sub-08,5919,226,rsa,0.029620155692100525
clip/ViT-B/16,image_encoder.transformer.resblocks.10,V3B,test,sub-08,5919,147,rsa,0.018239689990878105
clip/ViT-B/16,image_encoder.transformer.resblocks.10,V6,test,sub-08,5919,105,rsa,0.003927059471607208
clip/ViT-B/16,image_encoder.transformer.resblocks.10,V6A,test,sub-08,5919,84,rsa,0.00940256379544735
clip/ViT-B/16,image_encoder.transformer.resblocks.10,V7,test,sub-08,5919,78,rsa,0.007387390825897455
clip/ViT-B/16,image_encoder.transformer.resblocks.10,V8,test,sub-08,5919,112,rsa,0.04912372678518295
clip/ViT-B/16,image_encoder.transformer.resblocks.10,FFC,test,sub-08,5919,275,rsa,0.039724718779325485
clip/ViT-B/16,image_encoder.transformer.resblocks.10,PIT,test,sub-08,5919,117,rsa,0.01876433566212654
clip/ViT-B/16,image_encoder.transformer.resblocks.10,IPS1,test,sub-08,5919,219,rsa,0.015068940818309784
clip/ViT-B/16,image_encoder.transformer.resblocks.10,MST,test,sub-08,5919,140,rsa,-0.01617165468633175
clip/ViT-B/16,image_encoder.transformer.resblocks.10,MT,test,sub-08,5919,99,rsa,0.01544336136430502
clip/ViT-B/16,image_encoder.transformer.resblocks.10,FST,test,sub-08,5919,149,rsa,0.012277424335479736
clip/ViT-B/16,image_encoder.transformer.resblocks.10,LO1,test,sub-08,5919,79,rsa,0.037739600986242294
clip/ViT-B/16,image_encoder.transformer.resblocks.10,LO2,test,sub-08,5919,83,rsa,0.07255208492279053
clip/ViT-B/16,image_encoder.transformer.resblocks.10,LO3,test,sub-08,5919,125,rsa,0.022643085569143295
clip/ViT-B/16,image_encoder.transformer.resblocks.10,V7,test,sub-08,5919,78,rsa,0.007387390825897455
clip/ViT-B/16,image_encoder.transformer.resblocks.10,IP0,test,sub-08,5919,151,rsa,-0.012442362494766712
clip/ViT-B/16,image_encoder.transformer.resblocks.10,IP1,test,sub-08,5919,91,rsa,-0.006091093644499779
clip/ViT-B/16,image_encoder.transformer.resblocks.10,MIP,test,sub-08,5919,291,rsa,0.010888836346566677
clip/ViT-B/16,image_encoder.transformer.resblocks.10,VIP,test,sub-08,5919,184,rsa,0.002579947467893362
clip/ViT-B/16,image_encoder.transformer.resblocks.10,LIPd,test,sub-08,5919,77,rsa,-0.02096300572156906
clip/ViT-B/16,image_encoder.transformer.resblocks.10,LIPv,test,sub-08,5919,251,rsa,0.013191750273108482
clip/ViT-B/16,image_encoder.transformer.resblocks.10,AIP,test,sub-08,5919,387,rsa,0.0007526935078203678
clip/ViT-B/16,image_encoder.transformer.resblocks.10,7Pm,test,sub-08,5919,25,rsa,0.010528233833611012
clip/ViT-B/16,image_encoder.transformer.resblocks.10,7PL,test,sub-08,5919,91,rsa,-0.010445947758853436
clip/ViT-B/16,image_encoder.transformer.resblocks.10,7PC,test,sub-08,5919,231,rsa,0.0013703724835067987
clip/ViT-B/16,image_encoder.transformer.resblocks.10,7Am,test,sub-08,5919,136,rsa,0.008957716636359692
clip/ViT-B/16,image_encoder.transformer.resblocks.10,7AL,test,sub-08,5919,234,rsa,0.011104432865977287
clip/ViT-B/16,image_encoder.transformer.resblocks.10,VVC,test,sub-08,5919,199,rsa,0.0315699428319931
clip/ViT-B/16,image_encoder.transformer.resblocks.10,VMV2,test,sub-08,5919,94,rsa,0.020306669175624847
clip/ViT-B/16,image_encoder.transformer.resblocks.10,VMV3,test,sub-08,5919,107,rsa,-0.0460897721350193
clip/ViT-B/16,image_encoder.transformer.resblocks.10,VMV1,test,sub-08,5919,44,rsa,0.028115272521972656
clip/ViT-B/16,image_encoder.transformer.resblocks.10,PHA2,test,sub-08,5919,13,rsa,-0.02569758892059326
clip/ViT-B/16,image_encoder.transformer.resblocks.10,PHA3,test,sub-08,5919,55,rsa,-0.001068859826773405
clip/ViT-B/16,image_encoder.transformer.resblocks.10,PH,test,sub-08,5919,350,rsa,0.02564854733645916
clip/ViT-B/16,image_encoder.transformer.resblocks.11,V1,test,sub-08,5919,560,rsa,0.08797002583742142
clip/ViT-B/16,image_encoder.transformer.resblocks.11,V2,test,sub-08,5919,482,rsa,0.025281712412834167
clip/ViT-B/16,image_encoder.transformer.resblocks.11,V3,test,sub-08,5919,458,rsa,0.022788794711232185
clip/ViT-B/16,image_encoder.transformer.resblocks.11,V4,test,sub-08,5919,604,rsa,0.05202207714319229
clip/ViT-B/16,image_encoder.transformer.resblocks.11,V3A,test,sub-08,5919,226,rsa,0.02868223376572132
clip/ViT-B/16,image_encoder.transformer.resblocks.11,V3B,test,sub-08,5919,147,rsa,0.013606783002614975
clip/ViT-B/16,image_encoder.transformer.resblocks.11,V6,test,sub-08,5919,105,rsa,-0.0005812812596559525
clip/ViT-B/16,image_encoder.transformer.resblocks.11,V6A,test,sub-08,5919,84,rsa,0.012905113399028778
clip/ViT-B/16,image_encoder.transformer.resblocks.11,V7,test,sub-08,5919,78,rsa,-0.005359280854463577
clip/ViT-B/16,image_encoder.transformer.resblocks.11,V8,test,sub-08,5919,112,rsa,0.05139530077576637
clip/ViT-B/16,image_encoder.transformer.resblocks.11,FFC,test,sub-08,5919,275,rsa,0.050801388919353485
clip/ViT-B/16,image_encoder.transformer.resblocks.11,PIT,test,sub-08,5919,117,rsa,0.010471625253558159
clip/ViT-B/16,image_encoder.transformer.resblocks.11,IPS1,test,sub-08,5919,219,rsa,0.016799623146653175
clip/ViT-B/16,image_encoder.transformer.resblocks.11,MST,test,sub-08,5919,140,rsa,-0.018095675855875015
clip/ViT-B/16,image_encoder.transformer.resblocks.11,MT,test,sub-08,5919,99,rsa,0.017329931259155273
clip/ViT-B/16,image_encoder.transformer.resblocks.11,FST,test,sub-08,5919,149,rsa,0.02886333502829075
clip/ViT-B/16,image_encoder.transformer.resblocks.11,LO1,test,sub-08,5919,79,rsa,0.033112045377492905
clip/ViT-B/16,image_encoder.transformer.resblocks.11,LO2,test,sub-08,5919,83,rsa,0.07425203174352646
clip/ViT-B/16,image_encoder.transformer.resblocks.11,LO3,test,sub-08,5919,125,rsa,0.01906242035329342
clip/ViT-B/16,image_encoder.transformer.resblocks.11,V7,test,sub-08,5919,78,rsa,-0.005359280854463577
clip/ViT-B/16,image_encoder.transformer.resblocks.11,IP0,test,sub-08,5919,151,rsa,-0.004673120565712452
clip/ViT-B/16,image_encoder.transformer.resblocks.11,IP1,test,sub-08,5919,91,rsa,-0.001090094679966569
clip/ViT-B/16,image_encoder.transformer.resblocks.11,MIP,test,sub-08,5919,291,rsa,0.007220398169010878
clip/ViT-B/16,image_encoder.transformer.resblocks.11,VIP,test,sub-08,5919,184,rsa,0.003778494894504547
clip/ViT-B/16,image_encoder.transformer.resblocks.11,LIPd,test,sub-08,5919,77,rsa,-0.010874968022108078
clip/ViT-B/16,image_encoder.transformer.resblocks.11,LIPv,test,sub-08,5919,251,rsa,0.012608837336301804
clip/ViT-B/16,image_encoder.transformer.resblocks.11,AIP,test,sub-08,5919,387,rsa,-0.000982140190899372
clip/ViT-B/16,image_encoder.transformer.resblocks.11,7Pm,test,sub-08,5919,25,rsa,0.012277753092348576
clip/ViT-B/16,image_encoder.transformer.resblocks.11,7PL,test,sub-08,5919,91,rsa,-0.010438250377774239
clip/ViT-B/16,image_encoder.transformer.resblocks.11,7PC,test,sub-08,5919,231,rsa,0.014087021350860596
clip/ViT-B/16,image_encoder.transformer.resblocks.11,7Am,test,sub-08,5919,136,rsa,0.005159053485840559
clip/ViT-B/16,image_encoder.transformer.resblocks.11,7AL,test,sub-08,5919,234,rsa,0.014095636084675789
clip/ViT-B/16,image_encoder.transformer.resblocks.11,VVC,test,sub-08,5919,199,rsa,0.04759959876537323
clip/ViT-B/16,image_encoder.transformer.resblocks.11,VMV2,test,sub-08,5919,94,rsa,0.026012614369392395
clip/ViT-B/16,image_encoder.transformer.resblocks.11,VMV3,test,sub-08,5919,107,rsa,0.009269441477954388
clip/ViT-B/16,image_encoder.transformer.resblocks.11,VMV1,test,sub-08,5919,44,rsa,0.03219883516430855
clip/ViT-B/16,image_encoder.transformer.resblocks.11,PHA2,test,sub-08,5919,13,rsa,-0.024197537451982498
clip/ViT-B/16,image_encoder.transformer.resblocks.11,PHA3,test,sub-08,5919,55,rsa,-0.00020270003005862236
clip/ViT-B/16,image_encoder.transformer.resblocks.11,PH,test,sub-08,5919,350,rsa,0.04710491746664047
